type,value,start,end,confidence
text,Physical,0.24,0.72,1.0
punct, ,0,0,0
text,assessments,0.72,1.32,0.95
punct,.,0,0,0
punct, ,0,0,0
text,Okay,2.34,2.73,0.99
punct,.,0,0,0
punct, ,0,0,0
text,So,2.82,2.94,1.0
punct, ,0,0,0
text,what,2.94,3.06,0.89
punct, ,0,0,0
text,did,3.06,3.15,0.98
punct, ,0,0,0
text,we,3.15,3.24,1.0
punct, ,0,0,0
text,say,3.24,3.42,1.0
punct,?,0,0,0
punct, ,0,0,0
text,High,3.42,3.6,1.0
punct, ,0,0,0
text,school,3.6,3.87,1.0
punct, ,0,0,0
text,teachers,3.91,4.32,0.75
punct,?,0,0,0
punct, ,0,0,0
text,Yeah,5.75,6.01,0.79
punct,",",0,0,0
punct, ,0,0,0
text,it,6.84,6.99,1.0
punct, ,0,0,0
text,sounded,6.99,7.26,1.0
punct, ,0,0,0
text,like,7.26,7.41,1.0
punct, ,0,0,0
text,high,7.41,7.53,1.0
punct, ,0,0,0
text,school,7.53,7.74,1.0
punct, ,0,0,0
text,cause,7.74,7.92,0.87
punct, ,0,0,0
text,it,7.92,7.98,1.0
punct, ,0,0,0
text,was,7.98,8.1,1.0
punct, ,0,0,0
text,like,8.1,8.28,1.0
punct,",",0,0,0
punct, ,0,0,0
text,Oh,8.28,8.37,0.84
punct,",",0,0,0
punct, ,0,0,0
text,there's,8.38,8.6,0.88
punct, ,0,0,0
text,some,8.61,8.79,1.0
punct, ,0,0,0
text,college,8.79,9.27,0.88
punct, ,0,0,0
text,thing,9.27,9.5,0.88
punct, ,0,0,0
text,when,9.54,9.75,0.4
punct, ,0,0,0
text,there,9.75,9.9,1.0
punct, ,0,0,0
text,wasn't,9.9,10.2,1.0
punct, ,0,0,0
text,it,10.2,10.33,0.52
punct, ,0,0,0
text,college,10.34,10.68,1.0
punct, ,0,0,0
text,readiness,10.68,11.16,1.0
punct, ,0,0,0
text,or,11.16,11.22,1.0
punct, ,0,0,0
text,something,11.22,11.55,1.0
punct,.,0,0,0
punct, ,0,0,0
text,But,13.11,13.26,1.0
punct, ,0,0,0
text,that's,13.26,13.53,1.0
punct, ,0,0,0
text,still,13.53,13.92,1.0
punct, ,0,0,0
text,K-12 K-12,14.08,15.44,0.94
punct, ,0,0,0
text,probably,16.47,16.87,0.95
punct, ,0,0,0
text,high,16.88,17.03,0.95
punct, ,0,0,0
text,school,17.09,17.48,1.0
punct, ,0,0,0
text,kind,18.89,19.62,0.68
punct, ,0,0,0
text,of,19.68,19.78,0.81
punct, ,0,0,0
text,thing,21.36,21.59,0.96
punct,.,0,0,0
punct, ,0,0,0
text,Great,21.67,22.11,0.96
punct,.,0,0,0
punct, ,0,0,0
text,Was,22.62,22.81,0.85
punct, ,0,0,0
text,that,22.81,22.94,0.83
punct, ,0,0,0
text,all,22.95,23.16,0.99
punct, ,0,0,0
text,good,23.16,23.35,0.85
punct,?,0,0,0
punct, ,0,0,0
text,I,23.35,23.49,0.4
punct, ,0,0,0
text,said,23.49,24.04,0.85
punct, ,0,0,0
text,credits,25.56,26.64,1.0
punct, ,0,0,0
text,plus,30.87,31.2,1.0
punct, ,0,0,0
text,all,31.2,31.38,1.0
punct, ,0,0,0
text,the,31.38,31.47,1.0
punct, ,0,0,0
text,basic,31.47,32.28,1.0
punct, ,0,0,0
unknown,<inaudible>,0,0,0
punct, ,0,0,0
text,to,36.55,36.73,0.94
punct, ,0,0,0
text,complicate,36.75,37.28,0.73
punct, ,0,0,0
text,it,38.09,38.21,0.96
punct, ,0,0,0
text,was,38.36,38.55,0.66
punct, ,0,0,0
text,so,39.51,39.75,1.0
punct, ,0,0,0
text,bad,39.75,39.96,1.0
punct, ,0,0,0
text,because,39.96,40.14,0.52
punct, ,0,0,0
text,all,40.14,40.32,1.0
punct, ,0,0,0
text,the,40.32,40.47,1.0
punct, ,0,0,0
text,pages,40.47,40.89,1.0
punct, ,0,0,0
text,were,40.89,40.98,0.99
punct, ,0,0,0
text,kind,40.98,41.25,1.0
punct, ,0,0,0
text,of,41.25,41.34,1.0
punct, ,0,0,0
text,consistent,41.34,42.24,1.0
punct,.,0,0,0
punct, ,0,0,0
text,So,42.52,42.67,0.69
punct, ,0,0,0
text,you,42.73,42.87,1.0
punct, ,0,0,0
text,would,42.87,43.05,1.0
punct, ,0,0,0
text,have,43.05,43.26,1.0
punct, ,0,0,0
text,a,43.26,43.32,1.0
punct, ,0,0,0
text,tab,43.32,43.74,1.0
punct, ,0,0,0
text,and,43.74,43.86,1.0
punct, ,0,0,0
text,then,43.86,44.04,1.0
punct, ,0,0,0
text,the,44.04,44.16,0.71
punct, ,0,0,0
text,it,44.18,44.34,0.98
punct, ,0,0,0
text,within,44.34,44.73,1.0
punct, ,0,0,0
text,the,44.73,44.85,1.0
punct, ,0,0,0
text,time,44.85,45.39,0.81
punct,.,0,0,0
punct, ,0,0,0
text,Yeah,45.82,45.94,0.56
punct,.,0,0,0
punct, ,0,0,0
text,But,46.32,46.47,1.0
punct, ,0,0,0
text,it,46.47,46.62,1.0
punct, ,0,0,0
text,would,46.62,46.77,1.0
punct, ,0,0,0
text,be,46.77,46.83,1.0
punct, ,0,0,0
text,very,46.83,47.01,1.0
punct, ,0,0,0
text,difficult,47.01,47.46,1.0
punct, ,0,0,0
text,to,47.46,47.52,1.0
punct, ,0,0,0
text,find,47.52,47.85,1.0
punct, ,0,0,0
text,something,47.85,48.45,1.0
punct, ,0,0,0
text,if,49.34,49.49,0.99
punct, ,0,0,0
text,you,49.49,49.58,0.9
punct, ,0,0,0
text,want,49.59,49.83,0.98
punct, ,0,0,0
text,to,49.85,49.97,1.0
punct, ,0,0,0
text,do,51.88,52.01,0.96
punct, ,0,0,0
text,that,52.14,52.35,0.99
punct,.,0,0,0
punct, ,0,0,0
text,How,52.35,52.56,1.0
punct, ,0,0,0
text,would,52.56,52.71,1.0
punct, ,0,0,0
text,you,52.71,53.07,1.0
punct, ,0,0,0
text,actually,53.31,53.67,1.0
punct, ,0,0,0
text,know,53.67,54.24,1.0
punct, ,0,0,0
text,where,54.3,54.6,1.0
punct, ,0,0,0
text,that,54.6,54.84,1.0
punct, ,0,0,0
text,information,54.84,55.38,1.0
punct, ,0,0,0
text,was,55.38,55.65,1.0
punct, ,0,0,0
text,in,55.65,55.77,1.0
punct, ,0,0,0
text,those,55.77,56.01,1.0
punct, ,0,0,0
text,times,56.01,56.47,0.82
punct,?,0,0,0
punct, ,0,0,0
text,I,57.32,57.4,0.84
punct, ,0,0,0
text,thought,57.4,57.6,0.84
punct, ,0,0,0
text,it,57.6,57.77,0.84
punct, ,0,0,0
text,was,57.95,58.1,0.84
punct, ,0,0,0
text,very,58.17,58.53,1.0
punct, ,0,0,0
text,fair,58.53,58.85,0.82
punct,.,0,0,0
punct, ,0,0,0
text,Yeah,59.52,60.02,0.97
punct,.,0,0,0
punct, ,0,0,0
text,And,60.06,60.24,1.0
punct, ,0,0,0
text,then,60.24,60.33,1.0
punct, ,0,0,0
text,also,60.33,60.6,1.0
punct, ,0,0,0
text,there's,60.6,60.83,0.88
punct, ,0,0,0
text,like,60.84,61.14,1.0
punct,",",0,0,0
punct, ,0,0,0
text,you,61.14,61.26,1.0
punct, ,0,0,0
text,can,61.26,61.5,1.0
punct, ,0,0,0
text,remove,61.5,61.89,1.0
punct, ,0,0,0
text,columns,61.89,62.76,1.0
punct, ,0,0,0
text,or,62.79,63.12,1.0
punct, ,0,0,0
text,add,63.12,63.42,1.0
punct, ,0,0,0
text,columns,63.42,63.9,1.0
punct,",",0,0,0
punct, ,0,0,0
text,but,63.9,64.17,1.0
punct, ,0,0,0
text,does,64.17,64.38,1.0
punct, ,0,0,0
text,the,64.38,64.53,1.0
punct, ,0,0,0
text,teacher,64.53,64.92,1.0
punct, ,0,0,0
text,know,64.92,65.09,0.88
punct, ,0,0,0
text,that,65.15,65.49,0.92
punct,?,0,0,0
punct, ,0,0,0
text,So,65.93,66.33,0.76
punct, ,0,0,0
text,I,66.52,66.75,0.98
punct, ,0,0,0
text,think,66.75,66.99,0.98
punct, ,0,0,0
text,what,66.99,67.18,0.55
punct, ,0,0,0
text,it,67.2,67.25,0.7
punct, ,0,0,0
text,was,67.26,67.53,1.0
punct, ,0,0,0
text,would've,67.53,67.83,0.53
punct, ,0,0,0
text,been,67.87,68.01,1.0
punct, ,0,0,0
text,interesting,68.01,68.4,1.0
punct, ,0,0,0
text,to,68.41,68.58,0.68
punct, ,0,0,0
text,missing,68.76,69.24,1.0
punct, ,0,0,0
text,is,69.33,69.54,1.0
punct, ,0,0,0
text,like,69.78,70.02,0.99
punct, ,0,0,0
text,interaction,70.02,70.75,0.97
punct,.,0,0,0
punct, ,0,0,0
text,So,70.75,70.92,0.97
punct, ,0,0,0
text,it's,70.92,71.07,0.96
punct, ,0,0,0
text,like,71.07,71.31,1.0
punct, ,0,0,0
text,between,71.37,71.79,1.0
punct, ,0,0,0
text,absences,71.79,72.63,1.0
punct, ,0,0,0
text,and,72.63,72.81,0.97
punct, ,0,0,0
text,grades,72.81,73.32,1.0
punct,",",0,0,0
punct, ,0,0,0
text,right,73.32,73.8,1.0
punct,?,0,0,0
punct, ,0,0,0
text,Yeah,74.14,74.3,0.62
punct,.,0,0,0
punct, ,0,0,0
text,Yeah,74.78,75.52,1.0
punct,.,0,0,0
punct, ,0,0,0
text,It's,77.76,77.97,0.95
punct, ,0,0,0
text,basically,78.09,78.6,1.0
punct, ,0,0,0
text,displaying,78.76,79.16,0.51
punct, ,0,0,0
text,more,79.29,79.58,0.82
punct, ,0,0,0
text,data,79.62,80.01,1.0
punct, ,0,0,0
text,except,83.28,83.79,1.0
punct, ,0,0,0
text,for,83.79,84.03,1.0
punct, ,0,0,0
text,those,84.03,84.42,1.0
punct, ,0,0,0
text,red,84.42,84.75,1.0
punct, ,0,0,0
text,and,84.75,84.93,1.0
punct, ,0,0,0
text,green,84.93,85.17,1.0
punct, ,0,0,0
text,buttons,85.17,85.77,0.99
punct,.,0,0,0
punct, ,0,0,0
text,Summaries,87.24,87.96,1.0
punct, ,0,0,0
text,for,88.08,88.26,1.0
punct, ,0,0,0
text,the,88.26,88.38,1.0
punct, ,0,0,0
text,class,88.38,89.01,1.0
punct,.,0,0,0
punct, ,0,0,0
text,Yeah,89.45,89.67,0.93
punct,.,0,0,0
punct, ,0,0,0
text,I,89.73,89.85,1.0
punct, ,0,0,0
text,can't,89.85,90.09,0.99
punct, ,0,0,0
text,see,90.09,90.21,1.0
punct, ,0,0,0
text,any,90.21,90.36,1.0
punct, ,0,0,0
text,summary,90.36,90.78,0.99
punct,.,0,0,0
punct, ,0,0,0
text,I,90.78,90.84,1.0
punct, ,0,0,0
text,think,90.84,91.02,1.0
punct, ,0,0,0
text,it's,91.02,91.26,1.0
punct, ,0,0,0
text,too,91.26,91.5,1.0
punct, ,0,0,0
text,detailed,91.5,92.13,1.0
punct, ,0,0,0
text,actually,92.13,92.64,1.0
punct, ,0,0,0
text,a,93.5,93.66,0.39
punct, ,0,0,0
text,page,94.69,94.97,0.9
punct,.,0,0,0
punct, ,0,0,0
text,But,95.16,95.3,0.86
punct, ,0,0,0
text,again,95.31,95.8,0.96
punct, ,0,0,0
text,they,95.91,96.11,0.95
punct, ,0,0,0
text,were,96.21,96.5,0.95
punct, ,0,0,0
text,getting,98.14,98.52,1.0
punct, ,0,0,0
text,lost,98.52,98.91,1.0
punct, ,0,0,0
text,in,98.91,99.03,1.0
punct, ,0,0,0
text,all,99.03,99.21,1.0
punct, ,0,0,0
text,the,99.21,99.3,1.0
punct, ,0,0,0
text,information,99.3,99.81,1.0
punct, ,0,0,0
text,that,99.81,100.01,1.0
punct, ,0,0,0
text,was,100.02,100.17,0.93
punct,",",0,0,0
punct, ,0,0,0
text,yeah,101.13,101.4,1.0
punct,",",0,0,0
punct, ,0,0,0
text,I,101.4,101.52,1.0
punct, ,0,0,0
text,think,101.52,101.67,1.0
punct, ,0,0,0
text,they,101.67,101.79,1.0
punct, ,0,0,0
text,mentioned,101.79,102.15,1.0
punct, ,0,0,0
text,like,102.15,102.33,0.98
punct, ,0,0,0
text,there,102.33,102.43,0.8
punct, ,0,0,0
text,is,102.43,102.6,0.46
punct, ,0,0,0
text,a,102.6,102.69,1.0
punct, ,0,0,0
text,course,102.69,103.23,0.99
punct, ,0,0,0
text,summary,103.23,103.71,1.0
punct, ,0,0,0
text,and,103.71,103.93,0.99
punct, ,0,0,0
text,then,103.93,104.03,0.63
punct, ,0,0,0
text,like,104.14,104.4,0.94
punct, ,0,0,0
text,a,104.42,104.53,0.52
punct, ,0,0,0
text,look,104.74,104.99,0.74
punct, ,0,0,0
text,at,104.99,105.07,0.74
punct, ,0,0,0
text,a,105.07,105.18,0.85
punct, ,0,0,0
text,summary,105.36,105.78,1.0
punct, ,0,0,0
text,of,105.78,105.9,1.0
punct, ,0,0,0
text,your,105.9,106.08,1.0
punct, ,0,0,0
text,school,106.08,106.53,0.83
punct, ,0,0,0
text,too,107.11,107.65,0.8
punct,",",0,0,0
punct, ,0,0,0
text,but,108.63,108.73,0.85
punct, ,0,0,0
text,that,108.87,108.99,1.0
punct, ,0,0,0
text,wasn't,108.99,109.26,1.0
punct, ,0,0,0
text,the,109.26,109.35,1.0
punct, ,0,0,0
text,focus,109.35,109.71,1.0
punct, ,0,0,0
text,of,109.71,109.89,1.0
punct, ,0,0,0
text,the,109.89,109.95,1.0
punct, ,0,0,0
text,video,109.95,110.37,1.0
punct,.,0,0,0
punct, ,0,0,0
text,What,114.8,115.07,1.0
punct, ,0,0,0
text,I,115.72,115.83,1.0
punct, ,0,0,0
text,was,115.83,116.01,1.0
punct, ,0,0,0
text,thinking,116.01,116.34,1.0
punct, ,0,0,0
text,about,116.34,116.52,0.96
punct,",",0,0,0
punct, ,0,0,0
text,like,116.77,117.0,0.95
punct, ,0,0,0
text,if,117.24,117.42,1.0
punct, ,0,0,0
text,I'm,117.42,117.6,1.0
punct, ,0,0,0
text,interesting,117.6,118.05,0.63
punct, ,0,0,0
text,in,118.14,118.29,1.0
punct, ,0,0,0
text,my,118.29,118.53,1.0
punct, ,0,0,0
text,course,118.53,118.95,1.0
punct,",",0,0,0
punct, ,0,0,0
text,maybe,118.98,119.28,1.0
punct, ,0,0,0
text,I,119.28,119.37,1.0
punct, ,0,0,0
text,can,119.37,119.52,1.0
punct, ,0,0,0
text,see,119.52,119.7,1.0
punct, ,0,0,0
text,somebody,119.9,120.25,0.71
punct, ,0,0,0
text,a,120.25,120.36,0.75
punct, ,0,0,0
text,fault,120.36,120.7,0.95
punct,.,0,0,0
punct, ,0,0,0
text,It,120.81,120.93,1.0
punct, ,0,0,0
text,was,120.93,121.08,1.0
punct, ,0,0,0
text,still,121.08,121.26,0.98
punct, ,0,0,0
text,student,121.27,121.65,0.74
punct, ,0,0,0
text,place,121.68,122.07,0.77
punct,.,0,0,0
punct, ,0,0,0
text,I,122.07,122.21,0.99
punct, ,0,0,0
text,mean,122.21,122.49,0.99
punct, ,0,0,0
text,even,122.88,123.15,1.0
punct, ,0,0,0
text,the,123.15,123.24,1.0
punct, ,0,0,0
text,summary,123.24,123.72,0.98
punct, ,0,0,0
text,was,123.72,123.93,1.0
punct, ,0,0,0
text,just,123.93,124.17,1.0
punct, ,0,0,0
text,filtering,124.17,124.62,1.0
punct, ,0,0,0
text,students,124.62,125.22,1.0
punct, ,0,0,0
text,that,125.22,125.52,1.0
punct, ,0,0,0
text,were,125.52,125.76,1.0
punct, ,0,0,0
text,endorsed,125.76,126.19,0.57
punct, ,0,0,0
text,in,126.19,126.3,0.98
punct, ,0,0,0
text,my,126.3,126.48,1.0
punct, ,0,0,0
text,course,126.48,126.96,0.98
punct,.,0,0,0
punct, ,0,0,0
unknown,<inaudible>,0,0,0
punct, ,0,0,0
text,what,129.49,129.62,0.67
punct, ,0,0,0
text,if,129.65,129.76,1.0
punct, ,0,0,0
text,I,129.76,129.82,1.0
punct, ,0,0,0
text,wanted,129.82,130.12,0.98
punct, ,0,0,0
text,to,130.12,130.18,0.99
punct, ,0,0,0
text,do,130.18,130.22,0.72
punct, ,0,0,0
text,this,130.23,130.36,0.97
punct, ,0,0,0
text,to,130.36,130.56,0.88
punct, ,0,0,0
text,God,131.9,132.19,0.88
punct,?,0,0,0
punct, ,0,0,0
text,I,133.92,134.04,1.0
punct, ,0,0,0
text,mean,134.04,134.49,1.0
punct, ,0,0,0
text,it,134.52,134.7,1.0
punct, ,0,0,0
text,probably,134.7,135.12,1.0
punct, ,0,0,0
text,helps,135.12,135.48,1.0
punct, ,0,0,0
text,you,135.48,135.6,1.0
punct, ,0,0,0
text,see,135.6,135.84,1.0
punct, ,0,0,0
text,when,135.84,136.02,1.0
punct, ,0,0,0
text,someone's,136.02,136.38,1.0
punct, ,0,0,0
text,really,136.38,136.65,1.0
punct, ,0,0,0
text,in,136.65,136.77,1.0
punct, ,0,0,0
text,trouble,136.77,137.46,1.0
punct,",",0,0,0
punct, ,0,0,0
text,right,138.2,138.48,1.0
punct,?,0,0,0
punct, ,0,0,0
text,You,138.48,138.57,1.0
punct, ,0,0,0
text,could,138.57,138.81,0.97
punct, ,0,0,0
text,really,138.81,139.11,1.0
punct, ,0,0,0
text,see,139.11,139.44,1.0
punct, ,0,0,0
text,if,139.44,139.53,1.0
punct, ,0,0,0
text,someone's,139.53,139.92,0.99
punct, ,0,0,0
text,like,139.92,140.25,1.0
punct, ,0,0,0
text,on,140.76,140.91,1.0
punct, ,0,0,0
text,the,140.91,140.97,1.0
punct, ,0,0,0
text,way,140.97,141.12,1.0
punct, ,0,0,0
text,down,141.12,141.6,1.0
punct, ,0,0,0
text,I,142.2,142.29,0.77
punct, ,0,0,0
text,asked,142.3,142.55,0.55
punct,",",0,0,0
punct, ,0,0,0
text,but,142.78,142.9,0.91
punct, ,0,0,0
text,even,142.95,143.22,1.0
punct, ,0,0,0
text,like,143.22,143.46,0.99
punct, ,0,0,0
text,the,143.46,143.67,1.0
punct, ,0,0,0
text,UI,143.67,144.18,1.0
punct, ,0,0,0
text,of,144.18,144.36,0.98
punct, ,0,0,0
text,like,144.36,144.54,1.0
punct, ,0,0,0
text,seeing,144.69,145.02,1.0
punct, ,0,0,0
text,the,145.02,145.14,1.0
punct, ,0,0,0
text,red,145.14,145.59,1.0
punct, ,0,0,0
text,versus,145.59,146.01,0.96
punct, ,0,0,0
text,the,146.01,146.13,1.0
punct, ,0,0,0
text,green,146.13,146.46,0.99
punct,",",0,0,0
punct, ,0,0,0
text,it's,146.98,147.17,0.73
punct, ,0,0,0
text,like,147.18,147.63,1.0
punct, ,0,0,0
text,hard,148.08,148.63,0.97
punct, ,0,0,0
text,and,148.63,148.85,0.83
punct, ,0,0,0
text,it's,148.85,149.04,1.0
punct, ,0,0,0
text,binary,149.04,149.79,1.0
punct, ,0,0,0
text,and,149.79,149.94,0.97
punct, ,0,0,0
text,it's,149.94,150.11,0.99
punct, ,0,0,0
text,very,150.11,150.25,0.78
punct, ,0,0,0
text,evaluative,150.69,151.62,1.0
punct,.,0,0,0
punct, ,0,0,0
text,It,151.65,151.83,1.0
punct, ,0,0,0
text,doesn't,151.83,152.1,1.0
punct, ,0,0,0
text,tell,152.1,152.31,1.0
punct, ,0,0,0
text,you,152.31,152.43,1.0
punct, ,0,0,0
text,much,152.43,152.88,1.0
punct, ,0,0,0
text,actually,152.88,153.29,0.56
punct,.,0,0,0
punct, ,0,0,0
text,And,153.63,154.08,0.85
punct, ,0,0,0
text,you'd,154.11,154.27,0.63
punct, ,0,0,0
text,have,154.3,154.5,1.0
punct, ,0,0,0
text,to,154.5,154.62,1.0
punct, ,0,0,0
text,use,154.62,154.86,1.0
punct, ,0,0,0
text,the,154.86,155.04,1.0
punct, ,0,0,0
text,youth,155.04,155.27,0.5
punct, ,0,0,0
text,search,155.35,155.76,1.0
punct, ,0,0,0
text,function,155.76,156.18,1.0
punct, ,0,0,0
text,for,156.18,156.36,1.0
punct, ,0,0,0
text,anything,156.36,156.84,1.0
punct,.,0,0,0
punct, ,0,0,0
text,Before,157.26,157.56,1.0
punct, ,0,0,0
text,doing,157.56,157.77,1.0
punct, ,0,0,0
text,anything,157.77,158.15,0.97
punct,.,0,0,0
punct, ,0,0,0
text,We'll,158.15,158.32,0.88
punct, ,0,0,0
text,need,158.34,158.58,1.0
punct, ,0,0,0
text,to,158.58,158.7,1.0
punct, ,0,0,0
text,use,158.7,158.94,1.0
punct, ,0,0,0
text,the,158.94,159.06,1.0
punct, ,0,0,0
text,search,159.06,159.45,1.0
punct, ,0,0,0
text,bar,159.46,159.85,0.99
punct, ,0,0,0
text,for,160.8,160.98,0.95
punct, ,0,0,0
text,every,161.01,161.25,1.0
punct, ,0,0,0
text,student,161.25,161.67,1.0
punct, ,0,0,0
text,you,161.68,161.79,1.0
punct, ,0,0,0
text,need,161.79,162.0,1.0
punct, ,0,0,0
text,to,162.0,162.12,1.0
punct, ,0,0,0
text,go,162.12,162.3,1.0
punct, ,0,0,0
text,and,162.3,162.5,0.98
punct, ,0,0,0
text,search,162.5,163.01,0.82
punct,.,0,0,0
punct, ,0,0,0
text,Oh,164.13,164.25,1.0
punct,",",0,0,0
punct, ,0,0,0
text,there,164.25,164.46,1.0
punct, ,0,0,0
text,was,164.46,164.64,1.0
punct, ,0,0,0
text,like,164.64,164.85,1.0
punct, ,0,0,0
text,an,164.85,164.97,1.0
punct, ,0,0,0
text,option,164.97,165.39,1.0
punct, ,0,0,0
text,that,165.39,165.54,1.0
punct, ,0,0,0
text,you,165.6,165.72,1.0
punct, ,0,0,0
text,could,165.72,165.87,0.79
punct, ,0,0,0
text,put,165.87,166.08,1.0
punct, ,0,0,0
text,them,166.08,166.23,1.0
punct, ,0,0,0
text,on,166.23,166.38,1.0
punct, ,0,0,0
text,a,166.38,166.44,1.0
punct, ,0,0,0
text,watch,166.44,166.8,1.0
punct, ,0,0,0
text,list,166.8,167.31,1.0
punct,.,0,0,0
punct, ,0,0,0
text,I,167.37,167.46,1.0
punct, ,0,0,0
text,guess,167.46,167.94,1.0
punct, ,0,0,0
text,so,168.21,168.59,0.99
punct, ,0,0,0
text,maybe,168.69,168.91,1.0
punct, ,0,0,0
text,you,168.91,169.08,0.97
punct, ,0,0,0
text,watch,169.41,169.74,1.0
punct, ,0,0,0
text,all,169.74,169.92,1.0
punct, ,0,0,0
text,the,169.92,170.04,1.0
punct, ,0,0,0
text,red,170.04,170.28,0.91
punct, ,0,0,0
text,people,170.28,170.76,1.0
punct, ,0,0,0
text,also,171.54,171.8,0.98
punct, ,0,0,0
text,said,171.81,172.03,0.75
punct, ,0,0,0
text,it,172.05,172.14,1.0
punct, ,0,0,0
text,was,172.14,172.29,1.0
punct, ,0,0,0
text,collaborative,172.29,173.1,1.0
punct,",",0,0,0
punct, ,0,0,0
text,which,173.1,173.31,1.0
punct, ,0,0,0
text,I,173.31,173.4,1.0
punct, ,0,0,0
text,feel,173.4,173.67,1.0
punct, ,0,0,0
text,like,173.67,174.0,1.0
punct, ,0,0,0
text,across,174.21,174.68,0.74
punct, ,0,0,0
text,what,174.88,175.06,0.91
punct, ,0,0,0
text,was,175.1,175.32,1.0
punct, ,0,0,0
text,collaborative,175.32,176.04,1.0
punct,.,0,0,0
punct, ,0,0,0
text,I,176.1,176.16,1.0
punct, ,0,0,0
text,don't,176.16,176.25,1.0
punct, ,0,0,0
text,know,176.25,176.31,1.0
punct, ,0,0,0
text,if,176.31,176.4,1.0
punct, ,0,0,0
text,that's,176.4,176.61,0.98
punct, ,0,0,0
text,a,176.61,176.63,0.59
punct, ,0,0,0
text,good,176.63,176.82,0.98
punct, ,0,0,0
text,or,176.82,176.9,0.98
punct, ,0,0,0
text,battery,176.9,177.17,0.48
punct, ,0,0,0
text,cause,177.19,177.36,0.88
punct, ,0,0,0
text,I,177.36,177.45,1.0
punct, ,0,0,0
text,make,177.45,177.69,1.0
punct, ,0,0,0
text,sense,177.69,177.99,0.8
punct, ,0,0,0
text,really,178.02,178.29,1.0
punct, ,0,0,0
text,overwhelming,178.29,179.1,1.0
punct,.,0,0,0
punct, ,0,0,0
text,So,179.14,179.44,1.0
punct, ,0,0,0
text,schools,179.44,180.16,0.99
punct,",",0,0,0
punct, ,0,0,0
text,they,180.88,181.09,1.0
punct, ,0,0,0
text,don't,181.15,181.6,1.0
punct, ,0,0,0
text,only,181.78,182.05,1.0
punct, ,0,0,0
text,have,182.05,182.26,1.0
punct, ,0,0,0
text,teachers,182.26,182.71,0.98
punct,",",0,0,0
punct, ,0,0,0
text,right,182.71,182.96,0.98
punct,?,0,0,0
punct, ,0,0,0
text,There,182.96,183.07,0.71
punct, ,0,0,0
text,are,183.08,183.22,0.73
punct, ,0,0,0
text,teachers,183.22,183.76,1.0
punct,",",0,0,0
punct, ,0,0,0
text,instructional,183.76,184.24,1.0
punct, ,0,0,0
text,coaches,184.24,184.9,1.0
punct,",",0,0,0
punct, ,0,0,0
text,principals,184.93,185.77,1.0
punct, ,0,0,0
text,and,185.77,185.89,1.0
punct, ,0,0,0
text,etc,185.9,186.34,0.89
punct,.,0,0,0
punct, ,0,0,0
text,Can,187.21,187.35,0.85
punct, ,0,0,0
text,I,187.36,187.39,0.6
punct, ,0,0,0
text,make,187.49,187.65,0.44
punct, ,0,0,0
text,counselors,187.66,188.41,0.87
punct, ,0,0,0
text,like,188.41,188.59,0.99
punct, ,0,0,0
text,subject,188.59,189.1,0.95
punct, ,0,0,0
text,leaders,189.16,189.67,1.0
punct,?,0,0,0
punct, ,0,0,0
text,So,189.67,190.27,1.0
punct, ,0,0,0
text,we're,190.3,190.62,0.48
punct, ,0,0,0
text,not,190.63,190.81,1.0
punct, ,0,0,0
text,talking,190.81,191.08,1.0
punct, ,0,0,0
text,only,191.08,191.29,1.0
punct, ,0,0,0
text,about,191.29,191.53,1.0
punct, ,0,0,0
text,teachers,191.53,191.82,0.81
punct,.,0,0,0
punct, ,0,0,0
text,So,191.82,191.95,1.0
punct, ,0,0,0
text,if,191.95,192.13,1.0
punct, ,0,0,0
text,you,192.13,192.25,1.0
punct, ,0,0,0
text,have,192.25,192.61,1.0
punct, ,0,0,0
text,multiple,192.61,193.12,1.0
punct, ,0,0,0
text,people,193.12,193.54,1.0
punct, ,0,0,0
text,logging,193.54,193.96,1.0
punct, ,0,0,0
text,in,193.96,194.2,1.0
punct, ,0,0,0
text,and,194.2,194.35,1.0
punct, ,0,0,0
text,collaborating,194.44,195.07,1.0
punct, ,0,0,0
text,about,195.07,195.31,1.0
punct, ,0,0,0
text,someone,195.31,195.61,1.0
punct, ,0,0,0
text,that's,195.61,195.86,0.6
punct,",",0,0,0
punct, ,0,0,0
text,that's,195.88,196.19,1.0
punct, ,0,0,0
text,the,196.3,196.39,1.0
punct, ,0,0,0
text,way,196.39,196.51,0.99
punct, ,0,0,0
text,to,196.51,196.58,0.54
punct, ,0,0,0
text,go,196.58,196.72,0.54
punct,.,0,0,0
punct, ,0,0,0
text,So,196.72,196.84,1.0
punct, ,0,0,0
text,I,196.84,196.9,1.0
punct, ,0,0,0
text,think,196.9,197.08,1.0
punct, ,0,0,0
text,that's,197.08,197.29,0.99
punct, ,0,0,0
text,like,197.29,197.39,0.51
punct, ,0,0,0
text,very,197.68,197.98,1.0
punct, ,0,0,0
text,good,197.98,198.18,0.99
punct, ,0,0,0
text,managing,199.78,200.23,1.0
punct, ,0,0,0
text,collaboration,200.23,200.89,1.0
punct,.,0,0,0
punct, ,0,0,0
text,But,200.89,201.04,0.98
punct, ,0,0,0
text,did,201.04,201.19,1.0
punct, ,0,0,0
text,you,201.19,201.31,1.0
punct, ,0,0,0
text,actually,201.31,201.64,1.0
punct, ,0,0,0
text,see,201.64,201.9,1.0
punct,",",0,0,0
punct, ,0,0,0
text,you,201.9,201.98,0.56
punct, ,0,0,0
text,know,202.45,202.67,0.56
punct,",",0,0,0
punct, ,0,0,0
text,it,202.81,203.19,1.0
punct, ,0,0,0
text,was,203.23,203.41,1.0
punct, ,0,0,0
text,just,203.41,203.71,1.0
punct, ,0,0,0
text,mentioned,203.72,204.08,0.98
punct,.,0,0,0
punct, ,0,0,0
text,Yes,204.56,204.93,0.95
punct,",",0,0,0
punct, ,0,0,0
text,you,205.8,205.87,0.49
punct, ,0,0,0
text,can,205.87,206.11,1.0
punct, ,0,0,0
text,see,206.11,206.47,1.0
punct, ,0,0,0
text,the,206.47,206.62,1.0
punct, ,0,0,0
text,same,206.62,206.95,1.0
punct, ,0,0,0
text,thing,206.95,207.06,0.94
punct,.,0,0,0
punct, ,0,0,0
text,Yeah,207.06,207.3,0.8
punct,.,0,0,0
punct, ,0,0,0
text,But,207.34,207.5,0.56
punct, ,0,0,0
text,can,207.55,207.76,0.99
punct, ,0,0,0
text,they,207.76,207.88,0.99
punct, ,0,0,0
text,actually,207.88,208.21,1.0
punct, ,0,0,0
text,collaborate,208.21,208.78,0.99
punct, ,0,0,0
text,on,208.78,208.94,0.99
punct, ,0,0,0
text,it,208.94,209.06,0.99
punct,?,0,0,0
punct, ,0,0,0
text,I,210.07,210.19,1.0
punct, ,0,0,0
text,wonder,210.19,210.49,1.0
punct, ,0,0,0
text,if,210.49,210.61,1.0
punct, ,0,0,0
text,like,210.61,210.82,0.99
punct, ,0,0,0
text,the,210.82,210.91,1.0
punct, ,0,0,0
text,video,210.91,211.23,1.0
punct, ,0,0,0
text,is,211.23,211.39,0.68
punct, ,0,0,0
text,meant,211.39,211.63,1.0
punct, ,0,0,0
text,to,211.63,211.69,1.0
punct, ,0,0,0
text,give,211.69,211.84,1.0
punct, ,0,0,0
text,you,211.84,211.96,1.0
punct, ,0,0,0
text,an,211.96,212.05,1.0
punct, ,0,0,0
text,overview,212.05,212.47,1.0
punct, ,0,0,0
text,and,212.48,212.62,0.85
punct, ,0,0,0
text,necessarily,212.89,213.55,1.0
punct, ,0,0,0
text,go,213.55,213.88,1.0
punct, ,0,0,0
text,into,213.88,214.18,1.0
punct, ,0,0,0
text,so,214.18,214.39,1.0
punct, ,0,0,0
text,much,214.39,214.69,1.0
punct, ,0,0,0
text,detail,214.69,215.2,1.0
punct, ,0,0,0
text,into,215.22,215.47,0.56
punct, ,0,0,0
text,every,215.53,216.1,0.99
punct, ,0,0,0
text,sales,219.39,219.69,1.0
punct, ,0,0,0
text,video,219.7,220.14,1.0
punct, ,0,0,0
text,board,220.14,220.36,0.55
punct,.,0,0,0
punct, ,0,0,0
text,Yeah,220.37,221.23,0.94
punct,",",0,0,0
punct, ,0,0,0
text,I,221.28,221.35,0.97
punct, ,0,0,0
text,feel,221.35,221.58,0.97
punct, ,0,0,0
text,like,221.58,221.9,0.97
punct,",",0,0,0
punct, ,0,0,0
text,I,221.92,222.04,0.97
punct, ,0,0,0
text,don't,222.04,222.15,0.92
punct, ,0,0,0
text,know,222.15,222.3,0.92
punct,.,0,0,0
punct, ,0,0,0
text,I,223.12,223.18,1.0
punct, ,0,0,0
text,don't,223.18,223.27,1.0
punct, ,0,0,0
text,know,223.27,223.39,1.0
punct,.,0,0,0
punct, ,0,0,0
text,Is,224.64,224.75,0.9
punct, ,0,0,0
text,it,224.75,224.83,0.88
punct, ,0,0,0
text,in,224.88,224.94,0.78
punct, ,0,0,0
text,her,225.04,225.37,0.9
punct, ,0,0,0
text,phone,225.4,225.85,1.0
punct,?,0,0,0
punct, ,0,0,0
text,So,230.66,231.25,0.99
punct, ,0,0,0
text,it,231.64,231.85,1.0
punct, ,0,0,0
text,can,231.85,232.24,1.0
punct, ,0,0,0
text,be,232.24,232.42,1.0
punct, ,0,0,0
text,harmful,232.42,233.3,1.0
punct, ,0,0,0
text,or,233.6,234.12,0.76
punct,",",0,0,0
punct, ,0,0,0
text,cause,235.17,235.38,0.92
punct, ,0,0,0
text,it's,235.39,235.63,0.99
punct, ,0,0,0
text,very,235.63,236.11,1.0
punct, ,0,0,0
text,evaluative,236.11,236.89,1.0
punct, ,0,0,0
text,in,236.89,237.01,0.99
punct, ,0,0,0
text,a,237.01,237.07,0.99
punct, ,0,0,0
text,way,237.07,237.28,0.99
punct,.,0,0,0
punct, ,0,0,0
text,It,237.31,237.46,0.94
punct, ,0,0,0
text,doesn't,237.89,238.27,1.0
punct, ,0,0,0
text,allow,238.27,238.51,1.0
punct, ,0,0,0
text,you,238.51,238.66,1.0
punct, ,0,0,0
text,to,238.66,238.81,1.0
punct, ,0,0,0
text,understand,238.81,239.37,1.0
punct, ,0,0,0
text,reasons,239.38,239.92,1.0
punct, ,0,0,0
text,for,239.92,240.07,1.0
punct, ,0,0,0
text,what,240.07,240.37,1.0
punct, ,0,0,0
text,things,240.37,240.7,1.0
punct, ,0,0,0
text,are,240.7,240.79,1.0
punct, ,0,0,0
text,happening,240.79,241.3,1.0
punct,.,0,0,0
punct, ,0,0,0
text,It,241.3,241.48,0.49
punct, ,0,0,0
text,just,241.75,242.05,1.0
punct, ,0,0,0
text,separates,242.05,242.59,1.0
punct, ,0,0,0
text,in,242.59,242.68,1.0
punct, ,0,0,0
text,a,242.68,242.74,1.0
punct, ,0,0,0
text,very,242.74,243.22,1.0
punct, ,0,0,0
text,binary,243.37,243.97,1.0
punct, ,0,0,0
text,way,243.97,244.3,1.0
punct,.,0,0,0
punct, ,0,0,0
text,Good,244.97,245.18,1.0
punct, ,0,0,0
text,or,245.2,245.35,1.0
punct, ,0,0,0
text,bad,245.35,245.92,1.0
punct,",",0,0,0
punct, ,0,0,0
text,successful,245.92,246.67,1.0
punct,.,0,0,0
punct, ,0,0,0
text,One,246.67,246.85,1.0
punct, ,0,0,0
text,successful,246.85,247.48,1.0
punct, ,0,0,0
text,green,247.48,247.87,1.0
punct, ,0,0,0
text,or,247.87,248.02,1.0
punct, ,0,0,0
text,red,248.02,248.53,1.0
punct, ,0,0,0
text,arrow,248.95,249.31,1.0
punct, ,0,0,0
text,up,249.31,249.58,1.0
punct, ,0,0,0
text,arrow,249.58,249.88,1.0
punct, ,0,0,0
text,down,249.88,250.36,1.0
punct,",",0,0,0
punct, ,0,0,0
text,but,251.05,251.35,1.0
punct, ,0,0,0
text,it,251.8,251.92,1.0
punct, ,0,0,0
text,doesn't,251.92,252.25,1.0
punct, ,0,0,0
text,give,252.25,252.43,1.0
punct, ,0,0,0
text,you,252.43,252.55,1.0
punct, ,0,0,0
text,many,252.55,253.12,1.0
punct, ,0,0,0
text,ways,253.24,253.81,1.0
punct, ,0,0,0
text,of,253.81,253.99,1.0
punct, ,0,0,0
text,like,253.99,254.16,0.97
punct, ,0,0,0
text,identifying,254.17,255.01,1.0
punct, ,0,0,0
text,why,255.01,255.25,1.0
punct, ,0,0,0
text,things,255.25,255.52,1.0
punct, ,0,0,0
text,are,255.52,255.61,1.0
punct, ,0,0,0
text,happening,255.61,256.09,1.0
punct, ,0,0,0
text,and,256.09,256.24,0.93
punct, ,0,0,0
text,the,256.24,256.3,0.97
punct, ,0,0,0
text,trends,256.3,256.84,0.69
punct, ,0,0,0
text,and,256.84,256.93,0.98
punct, ,0,0,0
text,et,256.93,257.05,0.92
punct, ,0,0,0
text,cetera,257.05,257.38,0.92
punct,.,0,0,0
punct, ,0,0,0
text,So,257.38,257.47,0.94
punct, ,0,0,0
text,I,257.48,257.83,1.0
punct, ,0,0,0
text,would,257.83,258.04,0.98
punct, ,0,0,0
text,be,258.04,258.16,1.0
punct, ,0,0,0
text,more,258.16,258.4,1.0
punct, ,0,0,0
text,interested,258.4,258.79,1.0
punct, ,0,0,0
text,in,258.79,258.94,1.0
punct, ,0,0,0
text,understanding,258.94,259.41,1.0
punct, ,0,0,0
text,a,259.41,259.48,0.8
punct, ,0,0,0
text,wise,259.48,259.96,1.0
punct, ,0,0,0
text,use,260.68,260.92,1.0
punct, ,0,0,0
text,of,260.92,261.01,1.0
punct, ,0,0,0
text,bias,261.01,261.67,1.0
punct,.,0,0,0
punct, ,0,0,0
text,Definitely,262.12,262.48,1.0
punct, ,0,0,0
text,induced,262.48,262.8,0.53
punct, ,0,0,0
text,bias,262.8,263.29,1.0
punct,.,0,0,0
punct, ,0,0,0
text,Yes,263.29,263.83,1.0
punct,.,0,0,0
punct, ,0,0,0
text,Yeah,264.96,265.09,0.56
punct,.,0,0,0
punct, ,0,0,0
text,Also,268.52,268.82,0.78
punct, ,0,0,0
text,there's,269.02,269.29,0.97
punct, ,0,0,0
text,one,269.29,269.56,1.0
punct, ,0,0,0
text,that,269.6,269.72,0.95
punct, ,0,0,0
text,the,270.58,270.64,0.91
punct, ,0,0,0
text,students,270.73,271.18,0.99
punct, ,0,0,0
text,do,271.18,271.42,1.0
punct, ,0,0,0
text,identify,272.53,273.24,0.97
punct,",",0,0,0
punct, ,0,0,0
text,right,273.24,273.55,0.79
punct,?,0,0,0
punct, ,0,0,0
text,Thinking,273.78,274.05,0.88
punct, ,0,0,0
text,about,274.05,274.26,0.88
punct, ,0,0,0
text,that,274.28,274.45,0.92
punct, ,0,0,0
text,too,274.45,274.77,0.57
punct,",",0,0,0
punct, ,0,0,0
text,for,275.59,275.74,1.0
punct, ,0,0,0
text,their,275.74,275.95,1.0
punct, ,0,0,0
text,teachers,275.95,276.46,1.0
punct,",",0,0,0
punct, ,0,0,0
text,it's,276.46,276.71,0.88
punct, ,0,0,0
text,like,276.72,276.92,0.95
punct, ,0,0,0
text,high,277.58,277.81,0.92
punct, ,0,0,0
text,school,277.81,278.2,1.0
punct,",",0,0,0
punct, ,0,0,0
text,so,278.2,278.47,1.0
punct, ,0,0,0
text,you,278.63,278.85,0.66
punct, ,0,0,0
text,know,278.85,278.93,0.66
punct,",",0,0,0
punct, ,0,0,0
text,teachers,278.96,279.46,1.0
punct, ,0,0,0
text,and,279.46,279.58,0.83
punct, ,0,0,0
text,students,279.58,280.03,1.0
punct, ,0,0,0
text,are,280.03,280.27,0.95
punct, ,0,0,0
text,closer,280.42,281.11,1.0
punct,.,0,0,0
punct, ,0,0,0
text,It's,281.68,281.92,1.0
punct, ,0,0,0
text,important,281.92,282.4,1.0
punct, ,0,0,0
text,to,283.0,283.18,1.0
punct, ,0,0,0
text,have,283.18,283.39,1.0
punct, ,0,0,0
text,the,283.39,283.51,0.88
punct, ,0,0,0
text,feature,283.51,283.93,1.0
punct, ,0,0,0
text,and,284.43,284.48,0.55
punct, ,0,0,0
text,it's,284.88,285.07,1.0
punct, ,0,0,0
text,important,285.07,285.6,1.0
punct,",",0,0,0
punct, ,0,0,0
text,but,285.6,285.69,0.87
punct, ,0,0,0
text,at,285.7,285.85,0.98
punct, ,0,0,0
text,the,285.85,285.94,1.0
punct, ,0,0,0
text,same,285.94,286.21,1.0
punct, ,0,0,0
text,time,286.21,286.81,1.0
punct, ,0,0,0
text,the,287.8,287.88,0.97
punct, ,0,0,0
text,harmful,287.88,288.23,0.97
punct, ,0,0,0
text,that's,288.23,288.43,0.97
punct, ,0,0,0
text,with,288.43,288.6,0.92
punct, ,0,0,0
text,that,288.61,288.76,0.98
punct, ,0,0,0
text,you,288.79,288.88,1.0
punct, ,0,0,0
text,won't,288.88,289.12,1.0
punct, ,0,0,0
text,forget,289.12,289.45,1.0
punct, ,0,0,0
text,a,289.45,289.51,0.79
punct, ,0,0,0
text,face,289.51,290.08,1.0
punct,.,0,0,0
punct, ,0,0,0
text,You,290.32,290.5,1.0
punct, ,0,0,0
text,can,290.5,290.65,1.0
punct, ,0,0,0
text,forget,290.65,290.95,1.0
punct, ,0,0,0
text,the,290.95,291.07,1.0
punct, ,0,0,0
text,date,291.07,291.32,0.69
punct,.,0,0,0
punct, ,0,0,0
text,You,292.21,292.33,1.0
punct, ,0,0,0
text,don't,292.33,292.54,1.0
punct, ,0,0,0
text,usually,292.54,292.84,0.98
punct, ,0,0,0
text,forget,292.84,293.11,1.0
punct,.,0,0,0
punct, ,0,0,0
text,Also,295.28,295.63,0.98
punct,",",0,0,0
punct, ,0,0,0
text,it,295.78,296.02,1.0
punct, ,0,0,0
text,is,296.02,296.23,1.0
punct, ,0,0,0
text,based,296.29,296.71,1.0
punct, ,0,0,0
text,upon,296.71,296.98,1.0
punct, ,0,0,0
text,the,296.98,297.07,1.0
punct, ,0,0,0
text,assumption,297.07,297.58,1.0
punct, ,0,0,0
text,that,297.58,297.79,1.0
punct, ,0,0,0
text,I,297.79,297.91,1.0
punct, ,0,0,0
text,know,297.91,298.36,1.0
punct, ,0,0,0
text,that,298.36,298.6,1.0
punct, ,0,0,0
text,people,298.6,298.93,1.0
punct, ,0,0,0
text,are,298.93,299.02,0.94
punct, ,0,0,0
text,good,299.02,299.26,1.0
punct, ,0,0,0
text,or,299.26,299.35,1.0
punct, ,0,0,0
text,bad,299.35,299.98,1.0
punct,.,0,0,0
punct, ,0,0,0
text,If,300.49,300.73,1.0
punct, ,0,0,0
text,their,300.73,300.97,1.0
punct, ,0,0,0
text,grades,301.03,301.6,1.0
punct, ,0,0,0
text,and,301.6,301.75,1.0
punct, ,0,0,0
text,attendance,301.75,302.65,1.0
punct,",",0,0,0
punct, ,0,0,0
text,some,302.65,302.86,0.76
punct, ,0,0,0
text,are,302.86,303.1,0.76
punct, ,0,0,0
text,okay,303.28,303.85,1.0
punct,",",0,0,0
punct, ,0,0,0
text,but,304.9,305.14,1.0
punct, ,0,0,0
text,to,305.14,305.29,1.0
punct, ,0,0,0
text,make,305.29,305.62,1.0
punct, ,0,0,0
text,sense,305.62,306.1,1.0
punct, ,0,0,0
text,of,306.1,306.29,1.0
punct, ,0,0,0
text,a,306.29,306.33,0.56
punct, ,0,0,0
text,performance,306.33,307.09,1.0
punct, ,0,0,0
text,of,307.09,307.21,0.97
punct, ,0,0,0
text,some,307.21,307.42,0.98
punct, ,0,0,0
text,thing,308.09,308.44,0.48
punct,",",0,0,0
punct, ,0,0,0
text,I,309.13,309.37,1.0
punct, ,0,0,0
text,should,309.37,309.61,1.0
punct, ,0,0,0
text,be,309.61,309.73,1.0
punct, ,0,0,0
text,able,309.73,309.91,1.0
punct, ,0,0,0
text,to,309.91,310.03,1.0
punct, ,0,0,0
text,work,310.72,311.14,1.0
punct, ,0,0,0
text,right,311.14,311.62,1.0
punct,.,0,0,0
punct, ,0,0,0
text,If,311.86,312.1,1.0
punct, ,0,0,0
text,like,312.1,312.37,0.9
punct, ,0,0,0
text,we're,312.67,312.95,0.79
punct, ,0,0,0
text,being,312.97,313.18,1.0
punct, ,0,0,0
text,measured,313.18,313.66,1.0
punct, ,0,0,0
text,here,313.66,313.93,1.0
punct, ,0,0,0
text,just,313.93,314.29,1.0
punct, ,0,0,0
text,by,314.29,314.86,0.98
punct, ,0,0,0
text,if,314.89,315.19,1.0
punct, ,0,0,0
text,we,315.19,315.34,1.0
punct, ,0,0,0
text,did,315.34,315.64,1.0
punct, ,0,0,0
text,or,315.64,315.76,1.0
punct, ,0,0,0
text,did,315.76,315.97,1.0
punct, ,0,0,0
text,not,315.97,316.24,1.0
punct, ,0,0,0
text,do,316.24,316.36,1.0
punct, ,0,0,0
text,the,316.36,316.48,1.0
punct, ,0,0,0
text,tutorial,316.48,317.2,1.0
punct, ,0,0,0
text,or,317.2,317.28,0.68
punct, ,0,0,0
text,if,317.28,317.4,0.94
punct, ,0,0,0
text,he's,317.4,317.77,0.78
punct, ,0,0,0
text,100%,317.8,318.58,1.0
punct, ,0,0,0
text,or,318.58,318.73,1.0
punct, ,0,0,0
text,0%,318.94,319.72,1.0
punct, ,0,0,0
text,that's,319.72,320.02,1.0
punct, ,0,0,0
text,not,320.02,320.29,1.0
punct, ,0,0,0
text,much,320.29,320.74,1.0
punct,.,0,0,0
punct, ,0,0,0
text,We,322.03,322.18,1.0
punct, ,0,0,0
text,were,322.18,322.36,1.0
punct, ,0,0,0
text,talking,322.36,322.66,1.0
punct, ,0,0,0
text,today,322.66,322.89,0.93
punct, ,0,0,0
text,about,322.9,323.38,0.99
punct, ,0,0,0
text,my,323.62,323.98,1.0
punct, ,0,0,0
text,failed,323.98,324.43,0.99
punct, ,0,0,0
text,attempts,324.43,324.76,1.0
punct, ,0,0,0
text,to,324.76,324.88,1.0
punct, ,0,0,0
text,do,324.88,325.0,1.0
punct, ,0,0,0
text,that,325.0,325.3,0.95
punct, ,0,0,0
text,dashboard,325.33,325.79,0.78
punct, ,0,0,0
text,and,325.79,326.05,0.36
punct, ,0,0,0
text,I,326.14,326.32,1.0
punct, ,0,0,0
text,think,326.32,326.89,1.0
punct, ,0,0,0
text,my,328.59,328.71,0.86
punct, ,0,0,0
text,heavier,328.72,329.2,0.95
punct, ,0,0,0
text,looking,329.2,329.58,0.68
punct, ,0,0,0
text,at,329.59,329.74,1.0
punct, ,0,0,0
text,my,329.74,329.98,1.0
punct, ,0,0,0
text,work,329.98,330.37,1.0
punct,",",0,0,0
punct, ,0,0,0
text,he,330.37,330.49,1.0
punct, ,0,0,0
text,has,330.49,330.67,1.0
punct, ,0,0,0
text,a,330.67,330.73,1.0
punct, ,0,0,0
text,better,330.73,331.06,1.0
punct, ,0,0,0
text,notion,331.06,331.48,1.0
punct, ,0,0,0
text,of,331.48,331.6,1.0
punct, ,0,0,0
text,Holly,331.61,331.87,0.96
punct, ,0,0,0
text,so,332.05,332.17,1.0
punct, ,0,0,0
text,it's,332.17,332.38,0.91
punct, ,0,0,0
text,more,332.38,332.59,1.0
punct, ,0,0,0
text,formative,332.59,333.28,1.0
punct, ,0,0,0
text,than,333.28,333.43,1.0
punct, ,0,0,0
text,somebody,333.43,333.83,0.98
punct, ,0,0,0
text,been,333.85,334.01,0.35
punct,.,0,0,0
punct, ,0,0,0
text,This,334.03,334.24,1.0
punct, ,0,0,0
text,dashboard,334.24,334.69,1.0
punct, ,0,0,0
text,is,334.69,334.93,1.0
punct, ,0,0,0
text,totally,334.96,335.44,1.0
punct, ,0,0,0
text,somebody,335.44,335.85,0.96
punct, ,0,0,0
text,if,335.85,335.92,0.43
punct, ,0,0,0
text,it's,335.92,336.34,0.88
punct, ,0,0,0
text,grades,336.85,337.51,1.0
punct,",",0,0,0
punct, ,0,0,0
text,so,337.9,338.08,1.0
punct, ,0,0,0
text,how,338.08,338.32,1.0
punct, ,0,0,0
text,can,338.32,338.53,1.0
punct, ,0,0,0
text,we,338.53,338.8,1.0
punct, ,0,0,0
text,take,338.86,339.19,1.0
punct, ,0,0,0
text,a,339.19,339.28,1.0
punct, ,0,0,0
text,look,339.28,339.55,1.0
punct, ,0,0,0
text,at,339.55,339.67,1.0
punct, ,0,0,0
text,student's,339.94,340.66,0.79
punct, ,0,0,0
text,work,340.66,341.2,1.0
punct, ,0,0,0
text,to,341.2,341.41,1.0
punct, ,0,0,0
text,increase,341.95,342.43,1.0
punct, ,0,0,0
text,sense-making,342.57,343.33,0.52
punct,?,0,0,0
punct, ,0,0,0
text,They,345.79,345.91,0.98
punct, ,0,0,0
text,didn't,345.91,346.23,0.98
punct, ,0,0,0
text,have,346.23,346.47,0.98
punct, ,0,0,0
text,any,346.47,346.68,0.98
punct, ,0,0,0
text,like,346.74,347.09,0.99
punct, ,0,0,0
text,trajectory,347.11,347.86,1.0
punct, ,0,0,0
text,of,347.86,348.01,1.0
punct, ,0,0,0
text,the,348.01,348.1,1.0
punct, ,0,0,0
text,students,348.12,348.66,0.97
punct,.,0,0,0
punct, ,0,0,0
text,Oh,349.24,349.37,0.4
punct, ,0,0,0
text,how,350.06,350.29,1.0
punct, ,0,0,0
text,did,350.29,350.44,1.0
punct, ,0,0,0
text,they,350.44,350.56,1.0
punct, ,0,0,0
text,do,350.56,350.92,1.0
punct,?,0,0,0
punct, ,0,0,0
text,What,351.01,351.25,1.0
punct, ,0,0,0
text,were,351.25,351.34,1.0
punct, ,0,0,0
text,they,351.35,351.47,0.87
punct, ,0,0,0
text,like,351.85,352.06,1.0
punct, ,0,0,0
text,fourth,352.06,352.39,1.0
punct, ,0,0,0
text,grade,352.39,352.69,1.0
punct,?,0,0,0
punct, ,0,0,0
text,That,352.72,352.87,1.0
punct, ,0,0,0
text,was,352.87,352.99,1.0
punct, ,0,0,0
text,the,352.99,353.08,0.91
punct, ,0,0,0
text,course,353.08,353.38,1.0
punct, ,0,0,0
text,summary,353.38,353.8,1.0
punct, ,0,0,0
text,that,353.8,354.01,1.0
punct, ,0,0,0
text,we,354.01,354.11,0.88
punct, ,0,0,0
text,were,354.12,354.3,0.94
punct, ,0,0,0
text,missing,354.8,355.3,1.0
punct,.,0,0,0
punct, ,0,0,0
text,Right,355.3,355.63,1.0
punct,?,0,0,0
punct, ,0,0,0
text,Because,355.63,355.84,0.65
punct, ,0,0,0
text,if,355.99,356.17,1.0
punct, ,0,0,0
text,you're,356.17,356.35,1.0
punct, ,0,0,0
text,like,356.35,356.59,1.0
punct, ,0,0,0
text,okay,356.59,357.01,1.0
punct, ,0,0,0
text,everyone,357.05,357.5,1.0
punct, ,0,0,0
text,in,357.56,357.71,1.0
punct, ,0,0,0
text,this,357.71,357.89,1.0
punct, ,0,0,0
text,course,357.89,358.19,1.0
punct, ,0,0,0
text,is,358.19,358.28,0.45
punct, ,0,0,0
text,getting,358.29,358.58,1.0
punct, ,0,0,0
text,a,358.58,358.64,1.0
punct, ,0,0,0
text,70,358.64,359.27,1.0
punct, ,0,0,0
text,and,359.69,359.81,1.0
punct, ,0,0,0
text,you've,359.81,359.92,0.67
punct, ,0,0,0
text,got,359.92,360.05,0.99
punct, ,0,0,0
text,a,360.05,360.11,0.98
punct, ,0,0,0
text,65,360.11,360.92,1.0
punct, ,0,0,0
text,that's,360.92,361.1,1.0
punct, ,0,0,0
text,actually,361.1,361.37,1.0
punct, ,0,0,0
text,not,361.37,361.55,1.0
punct, ,0,0,0
text,that,361.55,361.73,1.0
punct, ,0,0,0
text,bad,361.73,362.33,1.0
punct,.,0,0,0
punct, ,0,0,0
text,But,362.51,362.66,1.0
punct, ,0,0,0
text,if,362.66,362.78,1.0
punct, ,0,0,0
text,you're,362.78,362.93,1.0
punct, ,0,0,0
text,like,362.93,363.38,1.0
punct, ,0,0,0
text,the,363.62,363.83,1.0
punct, ,0,0,0
text,distribution,363.83,364.94,1.0
punct, ,0,0,0
text,was,364.94,365.15,0.96
punct, ,0,0,0
text,kind,365.15,365.4,0.93
punct, ,0,0,0
text,of,365.4,365.48,0.93
punct, ,0,0,0
text,with,365.48,365.66,0.99
punct, ,0,0,0
text,the,365.66,365.96,1.0
punct, ,0,0,0
text,original,365.99,366.52,1.0
punct, ,0,0,0
text,dashboard,366.53,366.9,0.93
punct, ,0,0,0
text,club,366.92,367.1,0.96
punct, ,0,0,0
text,year,367.1,367.28,1.0
punct, ,0,0,0
text,was,367.29,367.43,0.96
punct, ,0,0,0
text,showing,367.43,367.79,1.0
punct, ,0,0,0
text,us,367.79,368.15,1.0
punct,",",0,0,0
punct, ,0,0,0
text,you,368.57,368.66,0.98
punct, ,0,0,0
text,see,368.66,368.96,1.0
punct, ,0,0,0
text,where,368.96,369.14,1.0
punct, ,0,0,0
text,you,369.14,369.32,1.0
punct, ,0,0,0
text,are,369.32,369.71,1.0
punct, ,0,0,0
text,compared,369.74,370.22,1.0
punct, ,0,0,0
text,to,370.22,370.31,1.0
punct, ,0,0,0
text,people,370.31,371.06,1.0
punct,",",0,0,0
punct, ,0,0,0
text,then,372.05,372.56,1.0
punct, ,0,0,0
text,you,372.56,372.65,0.99
punct, ,0,0,0
text,get,372.65,372.83,0.99
punct, ,0,0,0
text,a,372.83,372.86,1.0
punct, ,0,0,0
text,better,372.86,373.1,1.0
punct, ,0,0,0
text,sense,373.1,373.37,1.0
punct, ,0,0,0
text,of,373.37,373.43,1.0
punct, ,0,0,0
text,like,373.43,373.55,1.0
punct, ,0,0,0
text,okay,373.55,373.79,0.98
punct, ,0,0,0
text,the,373.79,373.94,0.99
punct, ,0,0,0
text,students,373.94,374.3,0.95
punct, ,0,0,0
text,actually,374.3,374.63,1.0
punct, ,0,0,0
text,like,374.63,374.77,0.79
punct, ,0,0,0
text,very,375.02,375.32,1.0
punct, ,0,0,0
text,poorly,375.32,375.77,0.82
punct,.,0,0,0
punct, ,0,0,0
text,Yeah,376.4,376.82,1.0
punct,",",0,0,0
punct, ,0,0,0
text,no,376.84,377.08,0.84
punct,.,0,0,0
punct, ,0,0,0
text,I,377.08,377.32,0.96
punct, ,0,0,0
text,was,377.32,377.47,1.0
punct, ,0,0,0
text,also,377.47,377.68,1.0
punct, ,0,0,0
text,talking,377.68,377.95,0.99
punct, ,0,0,0
text,about,377.95,378.1,0.99
punct, ,0,0,0
text,like,378.1,378.4,0.98
punct, ,0,0,0
text,scores,379.45,380.05,1.0
punct, ,0,0,0
text,on,380.05,380.35,1.0
punct, ,0,0,0
text,individual,380.71,381.34,1.0
punct, ,0,0,0
text,assignments,381.34,381.88,1.0
punct, ,0,0,0
text,like,381.88,382.12,1.0
punct, ,0,0,0
text,during,382.12,382.65,1.0
punct, ,0,0,0
text,class,382.66,383.14,1.0
punct, ,0,0,0
text,and,383.14,383.34,1.0
punct, ,0,0,0
text,well,383.34,383.48,0.47
punct, ,0,0,0
text,how,383.58,383.86,1.0
punct, ,0,0,0
text,the,383.86,384.13,0.99
punct, ,0,0,0
text,like,384.13,384.41,0.97
punct, ,0,0,0
text,they,384.41,384.46,0.74
punct, ,0,0,0
text,didn't,384.46,384.66,0.68
punct, ,0,0,0
text,really,384.67,384.88,1.0
punct, ,0,0,0
text,address,384.88,385.21,0.86
punct,",",0,0,0
punct, ,0,0,0
text,not,386.56,386.8,1.0
punct, ,0,0,0
text,the,386.8,386.89,1.0
punct, ,0,0,0
text,trajectory,386.89,387.46,1.0
punct, ,0,0,0
text,of,387.46,387.58,1.0
punct, ,0,0,0
text,success,387.58,388.33,1.0
punct, ,0,0,0
text,over,389.08,389.32,1.0
punct, ,0,0,0
text,time,389.32,389.63,1.0
punct,.,0,0,0
punct, ,0,0,0
text,Didn't,390.28,390.43,0.41
punct, ,0,0,0
text,have,390.55,390.73,0.7
punct, ,0,0,0
text,like,390.81,390.96,0.79
punct, ,0,0,0
text,a,390.98,391.09,0.79
punct, ,0,0,0
text,summary,391.25,391.71,0.81
punct,.,0,0,0
punct, ,0,0,0
text,Something,392.39,392.8,0.74
punct, ,0,0,0
text,was,393.56,393.77,0.96
punct, ,0,0,0
text,there,393.79,394.07,0.99
punct, ,0,0,0
text,but,394.61,394.84,1.0
punct, ,0,0,0
text,it,394.84,394.99,1.0
punct, ,0,0,0
text,was,394.99,395.14,1.0
punct, ,0,0,0
text,not,395.14,395.38,0.99
punct, ,0,0,0
text,as,395.38,395.49,0.9
punct, ,0,0,0
text,heavy,395.54,395.92,0.72
punct,.,0,0,0
punct, ,0,0,0
text,That's,398.01,398.26,0.85
punct, ,0,0,0
text,like,398.48,398.63,0.99
punct, ,0,0,0
text,one,398.65,398.83,1.0
punct, ,0,0,0
text,of,398.83,398.89,1.0
punct, ,0,0,0
text,the,398.89,398.98,1.0
punct, ,0,0,0
text,reasons,398.98,399.34,1.0
punct, ,0,0,0
text,you,399.34,399.43,1.0
punct, ,0,0,0
text,can,399.43,399.65,0.79
punct, ,0,0,0
text,approve,399.65,400.0,0.71
punct, ,0,0,0
text,that,400.0,400.27,1.0
punct, ,0,0,0
text,like,400.28,400.54,0.96
punct, ,0,0,0
text,except,402.16,402.55,0.94
punct, ,0,0,0
text,just,403.66,403.86,0.79
punct, ,0,0,0
text,too,403.96,404.14,1.0
punct, ,0,0,0
text,many,404.14,404.35,1.0
punct, ,0,0,0
text,numbers,404.35,404.83,1.0
punct, ,0,0,0
text,there,404.83,405.19,0.96
punct,.,0,0,0
punct, ,0,0,0
text,Right,405.85,406.04,0.79
punct,.,0,0,0
punct, ,0,0,0
text,They,406.28,406.39,1.0
punct, ,0,0,0
text,didn't,406.39,406.57,1.0
punct, ,0,0,0
text,really,406.57,406.81,1.0
punct, ,0,0,0
text,use,406.81,406.99,1.0
punct, ,0,0,0
text,a,406.99,407.05,1.0
punct, ,0,0,0
text,lot,407.05,407.26,1.0
punct, ,0,0,0
text,of,407.26,407.32,1.0
punct, ,0,0,0
text,data,407.32,407.59,1.0
punct, ,0,0,0
text,visualizations,407.59,408.25,1.0
punct,.,0,0,0
punct, ,0,0,0
text,Right,408.25,408.43,0.98
punct,.,0,0,0
punct, ,0,0,0
text,It,408.43,408.48,0.82
punct, ,0,0,0
text,was,408.48,408.57,0.82
punct, ,0,0,0
text,just,408.57,408.73,1.0
punct, ,0,0,0
text,the,408.73,408.82,1.0
punct, ,0,0,0
text,arrows,408.82,409.18,1.0
punct, ,0,0,0
text,is,409.18,409.29,0.86
punct, ,0,0,0
text,the,409.29,409.35,0.72
punct, ,0,0,0
text,only,409.35,409.6,1.0
punct, ,0,0,0
text,thing,409.73,409.91,0.72
punct,.,0,0,0
punct, ,0,0,0
text,It's,412.92,413.06,0.52
punct, ,0,0,0
text,more,414.09,414.25,0.77
punct, ,0,0,0
text,tables,414.25,414.86,0.99
punct, ,0,0,0
text,then,414.86,414.99,0.51
punct,.,0,0,0
punct, ,0,0,0
text,Right,415.67,416.08,0.98
punct,.,0,0,0
punct, ,0,0,0
text,I,416.57,416.69,1.0
punct, ,0,0,0
text,think,416.69,416.93,1.0
punct, ,0,0,0
text,it's,416.93,417.26,1.0
punct, ,0,0,0
text,a,417.26,417.38,1.0
punct, ,0,0,0
text,difficult,417.58,418.18,0.6
punct, ,0,0,0
text,one,422.25,422.75,0.97
punct,.,0,0,0
punct, ,0,0,0
text,Yeah,424.08,424.24,0.93
punct,",",0,0,0
punct, ,0,0,0
text,but,424.34,424.49,0.96
punct, ,0,0,0
text,that's,424.5,424.68,0.96
punct, ,0,0,0
text,it,424.68,424.76,0.39
punct,.,0,0,0
punct, ,0,0,0
text,That's,424.82,425.0,1.0
punct, ,0,0,0
text,a,425.0,425.06,1.0
punct, ,0,0,0
text,good,425.06,425.21,1.0
punct, ,0,0,0
text,point,425.21,425.42,1.0
punct,.,0,0,0
punct, ,0,0,0
text,It's,425.42,425.66,1.0
punct, ,0,0,0
text,more,425.72,426.38,1.0
punct, ,0,0,0
text,like,426.38,426.85,1.0
punct, ,0,0,0
text,digital,426.86,427.67,0.87
punct, ,0,0,0
text,report,428.22,429.03,0.84
punct, ,0,0,0
text,and,429.82,430.02,0.6
punct, ,0,0,0
text,the,430.11,430.2,0.56
punct, ,0,0,0
text,dashboard,430.23,430.83,0.98
punct,.,0,0,0
punct, ,0,0,0
text,It,430.84,431.1,0.69
punct, ,0,0,0
text,has,432.77,433.04,1.0
punct, ,0,0,0
text,more,433.04,433.53,1.0
punct, ,0,0,0
text,ports,433.85,434.35,0.74
punct,.,0,0,0
punct, ,0,0,0
text,What,434.62,434.85,0.87
punct, ,0,0,0
text,it,434.86,434.96,0.62
punct, ,0,0,0
text,can,434.96,435.11,0.86
punct, ,0,0,0
text,do,435.11,435.23,1.0
punct, ,0,0,0
text,that,435.23,435.41,1.0
punct, ,0,0,0
text,give,435.41,435.6,0.94
punct,",",0,0,0
punct, ,0,0,0
text,I,435.6,435.72,0.98
punct, ,0,0,0
text,mean,435.72,435.91,0.98
punct, ,0,0,0
text,in,435.98,436.12,0.62
punct, ,0,0,0
text,any,436.15,436.42,0.96
punct, ,0,0,0
text,way,436.42,436.7,0.96
punct, ,0,0,0
text,you,437.57,437.69,0.99
punct, ,0,0,0
text,can,437.69,437.99,1.0
punct, ,0,0,0
text,add,438.02,438.26,1.0
punct, ,0,0,0
text,and,438.26,438.34,0.86
punct, ,0,0,0
text,remove,438.35,438.68,1.0
punct, ,0,0,0
text,those,438.68,438.86,0.97
punct, ,0,0,0
text,columns,438.86,439.64,1.0
punct, ,0,0,0
text,and,439.73,439.88,0.97
punct, ,0,0,0
text,that's,439.88,440.12,1.0
punct, ,0,0,0
text,it,440.12,440.21,1.0
punct,.,0,0,0
punct, ,0,0,0
text,That's,440.33,440.6,1.0
punct, ,0,0,0
text,it,440.6,440.75,1.0
punct,.,0,0,0
punct, ,0,0,0
text,Like,442.43,442.61,0.98
punct,",",0,0,0
punct, ,0,0,0
text,yeah,443.01,443.25,0.81
punct,",",0,0,0
punct, ,0,0,0
text,like,443.95,444.19,0.83
punct, ,0,0,0
text,how,444.48,444.92,1.0
punct, ,0,0,0
text,does,444.92,445.16,1.0
punct, ,0,0,0
text,the,445.16,445.25,1.0
punct, ,0,0,0
text,data,445.25,445.46,1.0
punct, ,0,0,0
text,get,445.46,445.67,1.0
punct, ,0,0,0
text,in,445.67,445.76,1.0
punct, ,0,0,0
text,there,445.76,446.03,1.0
punct,?,0,0,0
punct, ,0,0,0
text,Right,446.24,446.57,1.0
punct,.,0,0,0
punct, ,0,0,0
text,They,447.26,447.38,1.0
punct, ,0,0,0
text,didn't,447.38,447.56,1.0
punct, ,0,0,0
text,talk,447.56,447.77,1.0
punct, ,0,0,0
text,about,447.77,448.01,1.0
punct, ,0,0,0
text,like,448.01,448.37,1.0
punct, ,0,0,0
text,yeah,448.65,448.83,0.83
punct,",",0,0,0
punct, ,0,0,0
text,accessibility,449.0,449.72,1.0
punct, ,0,0,0
text,for,449.72,449.87,1.0
punct, ,0,0,0
text,the,449.87,449.99,1.0
punct, ,0,0,0
text,teachers,449.99,450.38,1.0
punct, ,0,0,0
text,and,450.38,450.5,0.99
punct, ,0,0,0
text,how,450.5,450.69,1.0
punct, ,0,0,0
text,to,450.69,450.73,0.73
punct, ,0,0,0
text,like,450.73,451.01,1.0
punct, ,0,0,0
text,input,451.07,451.49,1.0
punct, ,0,0,0
text,data,451.49,451.96,1.0
punct, ,0,0,0
text,and,451.96,452.08,0.71
punct, ,0,0,0
text,where,452.08,452.24,1.0
punct, ,0,0,0
text,it's,452.24,452.36,1.0
punct, ,0,0,0
text,coming,452.36,452.69,1.0
punct, ,0,0,0
text,from,452.69,453.2,1.0
punct,.,0,0,0
punct, ,0,0,0
text,Yeah,454.02,454.21,0.68
punct,.,0,0,0
punct, ,0,0,0
text,We're,454.53,454.75,0.48
punct, ,0,0,0
text,able,454.82,455.05,0.83
punct, ,0,0,0
text,to,455.06,455.12,0.84
punct, ,0,0,0
text,take,458.72,458.96,0.88
punct, ,0,0,0
text,from,458.96,459.2,1.0
punct, ,0,0,0
text,the,459.2,459.29,1.0
punct, ,0,0,0
text,perspective,459.29,459.83,1.0
punct, ,0,0,0
text,of,459.83,460.01,1.0
punct, ,0,0,0
text,high,460.25,460.43,1.0
punct, ,0,0,0
text,school,460.43,460.7,1.0
punct, ,0,0,0
text,play,460.7,460.84,0.37
punct, ,0,0,0
text,too,460.85,460.99,0.31
punct,.,0,0,0
punct, ,0,0,0
text,What,461.0,461.21,1.0
punct, ,0,0,0
text,else,461.21,461.48,0.99
punct, ,0,0,0
text,would,461.48,461.66,0.99
punct, ,0,0,0
text,they,461.66,461.75,1.0
punct, ,0,0,0
text,need,461.75,461.96,1.0
punct, ,0,0,0
text,to,461.96,462.08,1.0
punct, ,0,0,0
text,do,462.08,462.38,1.0
punct, ,0,0,0
text,which,462.38,462.68,1.0
punct, ,0,0,0
text,could,462.68,462.92,1.0
punct, ,0,0,0
text,feed,462.92,463.17,0.92
punct, ,0,0,0
text,them,463.17,463.28,0.5
punct, ,0,0,0
text,to,463.28,463.58,0.51
punct, ,0,0,0
text,this,463.58,464.06,1.0
punct,?,0,0,0
punct, ,0,0,0
text,I,465.19,465.28,1.0
punct, ,0,0,0
text,mean,465.28,465.43,1.0
punct, ,0,0,0
text,there's,465.43,465.61,1.0
punct, ,0,0,0
text,so,465.61,465.76,1.0
punct, ,0,0,0
text,much,465.76,466.06,1.0
punct, ,0,0,0
text,like,466.06,466.2,0.77
punct, ,0,0,0
text,going,466.23,466.48,1.0
punct, ,0,0,0
text,on,466.48,466.66,1.0
punct, ,0,0,0
text,socially,466.66,467.26,1.0
punct, ,0,0,0
text,in,467.26,467.35,1.0
punct, ,0,0,0
text,high,467.35,467.47,1.0
punct, ,0,0,0
text,school,467.47,467.74,1.0
punct,",",0,0,0
punct, ,0,0,0
text,I,467.74,467.83,1.0
punct, ,0,0,0
text,don't,467.83,467.98,1.0
punct, ,0,0,0
text,even,467.98,468.19,1.0
punct, ,0,0,0
text,know,468.19,468.37,1.0
punct, ,0,0,0
text,how,468.37,468.52,1.0
punct, ,0,0,0
text,you,468.52,468.76,1.0
punct, ,0,0,0
text,measure,468.76,469.14,0.98
punct, ,0,0,0
text,that,469.17,469.42,1.0
punct, ,0,0,0
text,kind,469.42,469.6,0.99
punct, ,0,0,0
text,of,469.6,469.66,0.99
punct, ,0,0,0
text,stuff,469.66,470.11,1.0
punct,",",0,0,0
punct, ,0,0,0
text,but,470.83,471.07,1.0
punct, ,0,0,0
text,like,471.07,471.25,1.0
punct, ,0,0,0
text,people,471.25,471.58,1.0
punct, ,0,0,0
text,do,471.58,471.76,1.0
punct, ,0,0,0
text,a,471.76,471.79,1.0
punct, ,0,0,0
text,lot,471.79,471.97,1.0
punct, ,0,0,0
text,of,471.97,472.03,1.0
punct, ,0,0,0
text,stuff,472.03,472.29,1.0
punct,",",0,0,0
punct, ,0,0,0
text,sports,472.31,472.78,0.73
punct, ,0,0,0
text,and,472.81,472.96,1.0
punct, ,0,0,0
text,sometimes,472.96,473.38,1.0
punct, ,0,0,0
text,they're,473.38,473.56,0.72
punct, ,0,0,0
text,in,473.56,473.64,0.68
punct, ,0,0,0
text,like,473.64,473.8,1.0
punct, ,0,0,0
text,very,473.8,474.19,1.0
punct, ,0,0,0
text,stressful,474.19,474.94,1.0
punct, ,0,0,0
text,sporting,474.94,475.72,1.0
punct, ,0,0,0
text,stuff,475.93,476.59,1.0
punct, ,0,0,0
text,that,477.01,477.19,1.0
punct, ,0,0,0
text,could,477.19,477.4,1.0
punct, ,0,0,0
text,impact,477.4,477.86,1.0
punct, ,0,0,0
text,their,477.86,478.0,0.79
punct, ,0,0,0
text,studies,478.0,478.54,1.0
punct,.,0,0,0
punct, ,0,0,0
text,And,479.3,479.45,0.98
punct, ,0,0,0
text,I,479.47,479.53,1.0
punct, ,0,0,0
text,don't,479.53,479.62,1.0
punct, ,0,0,0
text,think,479.62,479.8,1.0
punct, ,0,0,0
text,any,479.8,479.98,1.0
punct, ,0,0,0
text,of,479.98,480.04,1.0
punct, ,0,0,0
text,that's,480.04,480.31,0.97
punct, ,0,0,0
text,in,480.31,480.43,1.0
punct, ,0,0,0
text,here,480.43,480.55,1.0
punct,.,0,0,0
punct, ,0,0,0
text,And,480.55,480.67,1.0
punct, ,0,0,0
text,then,480.67,480.85,1.0
punct, ,0,0,0
text,like,480.85,481.24,1.0
punct, ,0,0,0
text,the,481.74,481.82,0.37
punct, ,0,0,0
text,whole,482.04,482.19,0.37
punct, ,0,0,0
text,like,482.19,482.38,1.0
punct, ,0,0,0
text,social,482.38,482.86,1.0
punct, ,0,0,0
text,thing,482.86,483.28,1.0
punct,",",0,0,0
punct, ,0,0,0
text,extra,483.52,483.85,0.98
punct, ,0,0,0
text,credit,483.85,484.14,0.94
punct,.,0,0,0
punct, ,0,0,0
text,Yeah,484.61,485.06,1.0
punct,.,0,0,0
punct, ,0,0,0
text,You're,489.29,489.46,0.48
punct, ,0,0,0
text,really,489.64,489.91,1.0
punct, ,0,0,0
text,trying,489.91,490.15,0.55
punct, ,0,0,0
text,to,490.15,490.25,0.6
punct, ,0,0,0
text,get,490.25,490.45,1.0
punct, ,0,0,0
text,like,490.45,490.63,1.0
punct, ,0,0,0
text,the,490.63,490.72,1.0
punct, ,0,0,0
text,full,490.72,491.02,1.0
punct, ,0,0,0
text,picture,491.02,491.41,1.0
punct, ,0,0,0
text,of,491.41,491.47,1.0
punct, ,0,0,0
text,what's,491.47,491.62,1.0
punct, ,0,0,0
text,going,491.62,491.83,1.0
punct, ,0,0,0
text,on,491.83,492.01,1.0
punct, ,0,0,0
text,with,492.01,492.17,1.0
punct, ,0,0,0
text,like,492.17,492.34,0.97
punct, ,0,0,0
text,someone,492.35,493.03,0.57
punct, ,0,0,0
text,or,493.72,493.96,0.98
punct, ,0,0,0
text,below,493.96,494.31,0.97
punct, ,0,0,0
text,the,494.32,494.5,0.97
punct, ,0,0,0
text,fold,494.5,494.89,0.97
punct,.,0,0,0
punct, ,0,0,0
text,You,494.89,494.95,1.0
punct, ,0,0,0
text,have,494.95,495.07,1.0
punct, ,0,0,0
text,to,495.07,495.16,1.0
punct, ,0,0,0
text,get,495.16,495.37,1.0
punct, ,0,0,0
text,the,495.37,495.43,1.0
punct, ,0,0,0
text,full,495.43,495.58,1.0
punct, ,0,0,0
text,picture,495.58,496.12,1.0
punct,.,0,0,0
punct, ,0,0,0
text,It's,498.49,498.61,0.98
punct, ,0,0,0
text,like,498.61,498.79,1.0
punct, ,0,0,0
text,an,498.79,498.88,0.92
punct, ,0,0,0
text,extra,498.88,499.24,1.0
punct, ,0,0,0
text,layer,499.24,499.51,1.0
punct,.,0,0,0
punct, ,0,0,0
text,They'd,499.52,499.72,1.0
punct, ,0,0,0
text,have,499.72,499.84,1.0
punct, ,0,0,0
text,to,499.84,499.96,1.0
punct, ,0,0,0
text,get,499.96,500.17,1.0
punct, ,0,0,0
text,that,500.17,500.41,0.97
punct, ,0,0,0
text,from,500.41,500.64,0.97
punct, ,0,0,0
text,some,500.65,500.86,1.0
punct, ,0,0,0
text,kind,500.86,501.1,1.0
punct, ,0,0,0
text,of,501.1,501.18,0.9
punct,",",0,0,0
punct, ,0,0,0
text,yeah,501.54,501.76,0.66
punct,",",0,0,0
punct, ,0,0,0
text,of,502.1,502.22,0.99
punct, ,0,0,0
text,course,502.25,502.52,0.91
punct,.,0,0,0
punct, ,0,0,0
text,Feedback,503.22,503.84,0.99
punct, ,0,0,0
text,I,506.62,506.77,1.0
punct, ,0,0,0
text,guess,506.77,507.07,1.0
punct, ,0,0,0
text,really,507.07,507.28,1.0
punct, ,0,0,0
text,just,507.29,507.47,0.93
punct, ,0,0,0
text,to,507.77,507.88,1.0
punct, ,0,0,0
text,analyze,507.88,508.66,1.0
punct, ,0,0,0
text,it,508.69,508.8,0.76
punct, ,0,0,0
text,is,508.8,508.99,0.63
punct, ,0,0,0
text,part,509.0,509.23,1.0
punct, ,0,0,0
text,of,509.23,509.32,1.0
punct, ,0,0,0
text,it,509.32,509.56,1.0
punct,.,0,0,0
punct, ,0,0,0
text,And,509.86,509.97,0.91
punct, ,0,0,0
text,then,509.98,510.07,0.97
punct, ,0,0,0
text,if,510.07,510.16,1.0
punct, ,0,0,0
text,you,510.16,510.25,1.0
punct, ,0,0,0
text,see,510.25,510.43,1.0
punct, ,0,0,0
text,the,510.43,510.55,0.94
punct, ,0,0,0
text,students,510.55,510.92,0.6
punct, ,0,0,0
text,flipping,510.97,511.45,0.95
punct, ,0,0,0
text,then,511.45,511.57,0.97
punct, ,0,0,0
text,I,511.57,511.69,1.0
punct, ,0,0,0
text,feel,511.69,512.23,1.0
punct, ,0,0,0
text,that's,512.44,512.65,1.0
punct, ,0,0,0
text,more,512.65,512.8,1.0
punct, ,0,0,0
text,of,512.8,512.86,1.0
punct, ,0,0,0
text,an,512.86,512.95,1.0
punct, ,0,0,0
text,emotional,512.95,513.79,1.0
punct, ,0,0,0
text,or,513.79,514.15,1.0
punct, ,0,0,0
text,you,515.08,515.2,1.0
punct, ,0,0,0
text,know,515.2,515.35,1.0
punct,",",0,0,0
punct, ,0,0,0
text,somebody,515.35,515.77,1.0
punct, ,0,0,0
text,needing,515.77,516.1,0.98
punct, ,0,0,0
text,to,516.1,516.22,1.0
punct, ,0,0,0
text,address,516.22,516.68,0.97
punct, ,0,0,0
text,this,516.68,516.86,0.87
punct, ,0,0,0
text,to,516.86,517.05,0.61
punct, ,0,0,0
text,themselves,517.06,517.37,0.44
punct, ,0,0,0
text,and,517.42,517.58,0.36
punct, ,0,0,0
text,I,517.78,517.81,0.97
punct, ,0,0,0
text,don't,517.82,517.96,0.98
punct, ,0,0,0
text,think,517.96,518.14,1.0
punct, ,0,0,0
text,that,518.14,518.26,1.0
punct, ,0,0,0
text,could,518.26,518.41,0.89
punct, ,0,0,0
text,really,518.41,518.56,1.0
punct, ,0,0,0
text,be,518.56,518.68,1.0
punct, ,0,0,0
text,done,518.68,518.94,1.0
punct, ,0,0,0
text,digital,519.59,520.07,0.57
punct, ,0,0,0
text,necessarily,520.22,520.72,0.32
punct,.,0,0,0
punct, ,0,0,0
text,So,521.07,521.43,0.69
punct, ,0,0,0
text,like,522.83,523.02,0.72
punct, ,0,0,0
text,the,523.54,523.64,0.97
punct, ,0,0,0
text,first,523.72,523.99,1.0
punct, ,0,0,0
text,step,523.99,524.23,1.0
punct,",",0,0,0
punct, ,0,0,0
text,what,524.24,524.51,0.78
punct, ,0,0,0
text,I,524.52,524.58,0.73
punct, ,0,0,0
text,put,524.59,524.82,1.0
punct, ,0,0,0
text,you,524.84,524.92,0.97
punct, ,0,0,0
text,to,524.92,525.1,1.0
punct, ,0,0,0
text,see,525.1,525.34,1.0
punct, ,0,0,0
text,someone,525.34,525.79,1.0
punct, ,0,0,0
text,in,525.79,525.91,0.95
punct, ,0,0,0
text,great,525.91,526.21,0.65
punct,.,0,0,0
punct, ,0,0,0
text,So,526.21,526.46,0.97
punct, ,0,0,0
text,what,526.47,526.65,0.97
punct, ,0,0,0
text,would,526.65,526.79,0.97
punct, ,0,0,0
text,you,526.79,526.88,0.97
punct, ,0,0,0
text,do,526.88,527.08,0.97
punct,?,0,0,0
punct, ,0,0,0
text,Two,527.77,527.95,0.91
punct,",",0,0,0
punct, ,0,0,0
text,one,527.96,528.35,0.98
punct, ,0,0,0
text,in,528.77,529.01,0.99
punct, ,0,0,0
text,red,529.01,529.49,0.99
punct, ,0,0,0
unknown,<inaudible>,0,0,0
punct, ,0,0,0
text,assuming,536.52,536.96,0.97
punct, ,0,0,0
text,they,536.96,537.01,0.72
punct, ,0,0,0
text,would,537.02,537.16,0.88
punct, ,0,0,0
text,go,537.3,537.51,1.0
punct, ,0,0,0
text,ahead,537.51,537.67,0.71
punct, ,0,0,0
text,and,537.67,537.75,0.78
punct, ,0,0,0
text,talk,537.75,538.04,0.96
punct, ,0,0,0
text,worth,538.04,538.37,0.44
punct, ,0,0,0
text,they,538.68,538.83,0.99
punct, ,0,0,0
text,log,538.83,539.1,0.96
punct, ,0,0,0
text,in,539.1,539.28,0.67
punct, ,0,0,0
text,to,539.28,539.34,0.54
punct, ,0,0,0
text,that,539.35,539.53,0.89
punct,.,0,0,0
punct, ,0,0,0
text,It,541.38,541.5,1.0
punct, ,0,0,0
text,depends,541.5,541.92,1.0
punct, ,0,0,0
text,on,541.92,542.04,1.0
punct, ,0,0,0
text,what,542.04,542.25,1.0
punct, ,0,0,0
text,red,542.25,542.52,0.68
punct, ,0,0,0
text,news,542.53,543.03,0.56
punct,.,0,0,0
punct, ,0,0,0
text,Yeah,543.21,543.56,0.92
punct,.,0,0,0
punct, ,0,0,0
text,Like,546.78,546.99,1.0
punct, ,0,0,0
text,you,546.99,547.08,1.0
punct, ,0,0,0
text,said,547.08,547.26,1.0
punct,",",0,0,0
punct, ,0,0,0
text,there's,547.26,547.4,0.77
punct, ,0,0,0
text,no,547.41,547.86,1.0
punct, ,0,0,0
text,yellow,547.92,548.49,1.0
punct, ,0,0,0
text,like,548.51,548.71,0.82
punct, ,0,0,0
text,no,548.76,548.96,0.99
punct,",",0,0,0
punct, ,0,0,0
text,like,548.96,549.12,0.56
punct, ,0,0,0
text,there's,549.27,549.45,1.0
punct, ,0,0,0
text,no,549.45,549.6,1.0
punct, ,0,0,0
text,yellow,549.6,550.11,1.0
punct,.,0,0,0
punct, ,0,0,0
text,It's,550.11,550.35,1.0
punct, ,0,0,0
text,very,550.35,550.65,1.0
punct, ,0,0,0
text,fine,550.65,550.93,1.0
punct,.,0,0,0
punct, ,0,0,0
text,Mary,550.93,551.35,0.86
punct,",",0,0,0
punct, ,0,0,0
text,are,552.03,552.16,0.79
punct, ,0,0,0
text,they,552.2,552.32,0.82
punct, ,0,0,0
text,already,552.32,552.53,0.86
punct, ,0,0,0
text,failing,552.54,553.08,1.0
punct, ,0,0,0
text,or,553.08,553.32,1.0
punct, ,0,0,0
text,is,553.32,553.47,0.98
punct, ,0,0,0
text,this,553.47,553.65,0.97
punct, ,0,0,0
text,like,553.65,554.01,1.0
punct, ,0,0,0
text,a,554.67,554.76,0.99
punct, ,0,0,0
text,warning,554.76,555.3,1.0
punct, ,0,0,0
text,and,555.36,555.51,0.98
punct, ,0,0,0
text,it's,555.51,555.72,0.99
punct, ,0,0,0
text,all,555.72,555.92,0.99
punct, ,0,0,0
text,based,555.93,556.29,1.0
punct, ,0,0,0
text,on,556.29,556.5,1.0
punct, ,0,0,0
text,previous,556.5,556.92,1.0
punct, ,0,0,0
text,data,556.92,557.25,1.0
punct,.,0,0,0
punct, ,0,0,0
unknown,<inaudible>,0,0,0
punct, ,0,0,0
text,who,562.62,562.8,1.0
punct, ,0,0,0
text,is,562.8,562.96,0.56
punct, ,0,0,0
text,an,562.96,563.07,0.46
punct, ,0,0,0
text,interesting,564.3,564.84,0.9
punct,",",0,0,0
punct, ,0,0,0
text,um,566.04,566.88,1.0
punct,",",0,0,0
punct, ,0,0,0
text,how,568.02,568.2,1.0
punct, ,0,0,0
text,could,568.2,568.41,1.0
punct, ,0,0,0
text,you,568.41,568.56,0.99
punct, ,0,0,0
text,improve,568.56,568.95,1.0
punct, ,0,0,0
text,it,569.09,569.28,0.81
punct,?,0,0,0
punct, ,0,0,0
text,Yeah,571.09,571.39,0.92
punct,.,0,0,0
punct, ,0,0,0
text,Yeah,572.37,572.62,0.98
punct,.,0,0,0
punct, ,0,0,0
text,So,573.42,573.87,1.0
punct, ,0,0,0
text,last,573.9,574.26,1.0
punct, ,0,0,0
text,binary,574.26,574.86,0.98
punct,",",0,0,0
punct, ,0,0,0
text,just,574.96,575.09,0.48
punct, ,0,0,0
text,one,575.1,575.28,0.99
punct, ,0,0,0
text,thing,575.28,575.49,0.99
punct,.,0,0,0
punct, ,0,0,0
text,Visualization,575.79,576.9,1.0
punct,",",0,0,0
punct, ,0,0,0
text,visualization,577.08,577.81,0.91
punct, ,0,0,0
text,and,578.91,579.54,1.0
punct, ,0,0,0
text,more,579.6,580.32,1.0
punct, ,0,0,0
text,granularity,580.32,581.42,1.0
punct,.,0,0,0
punct, ,0,0,0
text,Yeah,582.57,582.76,0.91
punct,.,0,0,0
punct, ,0,0,0
text,And,582.93,583.14,1.0
punct, ,0,0,0
text,more,583.14,583.32,1.0
punct, ,0,0,0
text,summaries,583.32,584.09,0.82
punct,.,0,0,0
punct, ,0,0,0
text,Cause,584.13,584.31,0.7
punct, ,0,0,0
text,it's,584.31,584.46,0.96
punct, ,0,0,0
text,all,584.46,584.73,1.0
punct, ,0,0,0
text,just,584.73,584.97,1.0
punct, ,0,0,0
text,like,584.97,585.18,1.0
punct, ,0,0,0
text,one,585.18,585.48,1.0
punct, ,0,0,0
text,student,585.48,586.08,1.0
punct, ,0,0,0
text,and,586.08,586.23,1.0
punct, ,0,0,0
text,what's,586.23,586.38,1.0
punct, ,0,0,0
text,going,586.38,586.56,1.0
punct, ,0,0,0
text,on,586.56,586.74,1.0
punct, ,0,0,0
text,with,586.74,586.86,1.0
punct, ,0,0,0
text,that,586.86,587.01,0.99
punct,",",0,0,0
punct, ,0,0,0
text,right,587.04,587.33,0.87
punct,.,0,0,0
punct, ,0,0,0
unknown,<inaudible>,0,0,0
punct, ,0,0,0
text,a,590.77,591.33,1.0
punct, ,0,0,0
text,way,591.33,591.66,1.0
punct, ,0,0,0
text,to,591.66,591.99,1.0
punct, ,0,0,0
text,include,591.99,592.59,1.0
punct, ,0,0,0
text,formative,592.59,593.43,1.0
punct, ,0,0,0
text,assessment,593.43,594.39,1.0
punct, ,0,0,0
text,for,594.45,594.66,1.0
punct, ,0,0,0
text,sense,594.66,594.96,0.99
punct, ,0,0,0
text,making,594.96,595.38,0.99
punct,.,0,0,0
punct, ,0,0,0
text,Like,595.38,595.68,0.99
punct, ,0,0,0
text,can,595.89,596.07,1.0
punct, ,0,0,0
text,I,596.07,596.13,1.0
punct, ,0,0,0
text,see,596.13,596.37,1.0
punct, ,0,0,0
text,students,596.37,596.88,0.46
punct, ,0,0,0
text,work,596.88,597.21,1.0
punct, ,0,0,0
text,and,597.21,597.33,0.99
punct, ,0,0,0
text,I,597.33,597.39,1.0
punct, ,0,0,0
text,see,597.39,597.74,1.0
punct, ,0,0,0
text,an,597.92,598.1,0.96
punct, ,0,0,0
text,artifact,598.1,598.69,0.86
punct,.,0,0,0
punct, ,0,0,0
text,It's,598.69,598.87,0.48
punct, ,0,0,0
text,getting,598.87,599.1,1.0
punct, ,0,0,0
text,something,599.14,599.64,1.0
punct, ,0,0,0
text,that,599.64,599.76,1.0
punct, ,0,0,0
text,is,599.76,599.91,0.92
punct, ,0,0,0
text,not,599.91,600.09,1.0
punct, ,0,0,0
text,just,600.09,600.36,1.0
punct, ,0,0,0
text,great,600.36,600.99,0.95
punct,.,0,0,0
punct, ,0,0,0
text,I,601.56,601.63,0.57
punct, ,0,0,0
text,love,601.66,601.9,0.98
punct, ,0,0,0
text,those,601.9,602.14,0.98
punct,.,0,0,0
punct, ,0,0,0
text,Some,602.14,602.35,0.98
punct, ,0,0,0
text,beads,602.35,602.67,0.63
punct, ,0,0,0
text,if,603.02,603.12,0.52
punct, ,0,0,0
text,looked,603.37,603.54,0.49
punct, ,0,0,0
text,up,603.75,603.92,0.43
punct, ,0,0,0
text,to,603.93,604.05,0.48
punct, ,0,0,0
text,but,604.12,604.29,0.74
punct, ,0,0,0
text,some,604.29,604.44,1.0
punct, ,0,0,0
text,days,604.44,604.71,0.96
punct, ,0,0,0
text,like,604.71,604.92,1.0
punct, ,0,0,0
text,78,604.92,605.41,0.45
punct, ,0,0,0
text,so,605.49,605.64,0.99
punct, ,0,0,0
text,what,605.64,605.82,1.0
punct, ,0,0,0
text,makes,605.82,606.06,1.0
punct, ,0,0,0
text,up,606.06,606.21,0.98
punct, ,0,0,0
text,that,606.21,606.37,0.98
punct,?,0,0,0
punct, ,0,0,0
text,Yeah,606.97,607.3,0.79
punct,",",0,0,0
punct, ,0,0,0
text,yeah,607.47,607.81,0.87
punct,",",0,0,0
punct, ,0,0,0
text,yeah,608.23,608.6,0.92
punct,.,0,0,0
punct, ,0,0,0
text,Maybe,609.15,609.42,1.0
punct, ,0,0,0
text,the,609.42,609.54,1.0
punct, ,0,0,0
text,division,609.54,609.95,0.56
punct, ,0,0,0
text,of,610.12,610.3,0.55
punct, ,0,0,0
text,it's,610.99,611.11,0.31
punct, ,0,0,0
text,very,612.06,612.33,1.0
punct, ,0,0,0
text,open,612.33,612.63,1.0
punct, ,0,0,0
text,ended,612.63,612.92,0.98
punct,.,0,0,0
punct, ,0,0,0
text,Yeah,613.07,613.37,0.57
punct,.,0,0,0
punct, ,0,0,0
text,And,614.01,614.37,1.0
punct, ,0,0,0
text,I,614.37,614.49,1.0
punct, ,0,0,0
text,think,614.49,614.73,1.0
punct, ,0,0,0
text,it,614.73,614.82,1.0
punct, ,0,0,0
text,needs,614.82,615.0,1.0
punct, ,0,0,0
text,to,615.0,615.12,1.0
punct, ,0,0,0
text,be,615.12,615.3,1.0
punct, ,0,0,0
text,less,615.93,616.77,1.0
punct, ,0,0,0
text,of,617.02,617.18,0.91
punct, ,0,0,0
text,a,617.2,617.28,0.91
punct, ,0,0,0
text,report,617.28,617.91,1.0
punct, ,0,0,0
text,and,617.91,618.06,0.95
punct, ,0,0,0
text,more,618.06,618.27,1.0
punct, ,0,0,0
text,of,618.27,618.39,1.0
punct, ,0,0,0
text,a,618.39,618.45,0.99
punct, ,0,0,0
text,dashboard,618.45,619.14,1.0
punct,.,0,0,0
punct, ,0,0,0
text,Also,619.8,620.16,1.0
punct, ,0,0,0
text,maybe,620.16,620.52,0.98
punct, ,0,0,0
text,with,620.52,620.85,1.0
punct, ,0,0,0
text,a,621.8,621.89,0.99
punct, ,0,0,0
text,large,621.9,622.31,0.74
punct, ,0,0,0
text,re,622.31,622.55,0.32
punct, ,0,0,0
text,messages,622.55,623.37,1.0
punct, ,0,0,0
text,where,623.37,623.64,0.98
punct, ,0,0,0
text,like,623.64,623.85,1.0
punct, ,0,0,0
text,if,623.85,623.94,1.0
punct, ,0,0,0
text,something's,623.94,624.45,0.86
punct, ,0,0,0
text,going,624.45,624.75,1.0
punct, ,0,0,0
text,on,624.75,624.81,0.56
punct, ,0,0,0
text,beyond,625.29,625.82,0.85
punct, ,0,0,0
text,or,625.86,626.19,1.0
punct, ,0,0,0
text,under,626.43,626.7,1.0
punct, ,0,0,0
text,a,626.7,626.79,1.0
punct, ,0,0,0
text,trash,626.79,627.18,1.0
punct, ,0,0,0
text,hold,627.18,627.57,1.0
punct,",",0,0,0
punct, ,0,0,0
text,what's,627.57,627.78,1.0
punct, ,0,0,0
text,going,627.78,627.91,0.88
punct, ,0,0,0
text,to,627.91,627.98,0.88
punct, ,0,0,0
text,happen,627.99,628.98,1.0
punct,?,0,0,0
punct, ,0,0,0
text,You,629.43,629.58,1.0
punct, ,0,0,0
text,should,629.58,629.76,1.0
punct, ,0,0,0
text,be,629.76,629.85,1.0
punct, ,0,0,0
text,able,629.85,630.03,1.0
punct, ,0,0,0
text,to,630.03,630.21,1.0
punct, ,0,0,0
text,like,630.21,630.39,1.0
punct, ,0,0,0
text,have,630.39,630.57,1.0
punct, ,0,0,0
text,more,630.57,630.75,1.0
punct, ,0,0,0
text,agency,630.81,631.35,1.0
punct, ,0,0,0
text,and,631.35,631.53,0.98
punct, ,0,0,0
text,set,631.59,631.86,1.0
punct, ,0,0,0
text,up,631.86,631.95,1.0
punct, ,0,0,0
text,some,631.95,632.13,1.0
punct, ,0,0,0
text,trash,632.13,632.45,0.96
punct, ,0,0,0
text,words,632.45,633.63,0.39
punct,.,0,0,0
punct, ,0,0,0
text,I,635.52,635.55,0.9
punct, ,0,0,0
text,think,635.55,635.66,0.89
punct, ,0,0,0
text,it's,635.83,635.93,0.93
punct, ,0,0,0
text,also,635.94,636.24,1.0
punct, ,0,0,0
text,just,636.24,636.42,1.0
punct, ,0,0,0
text,trying,636.42,636.66,1.0
punct, ,0,0,0
text,to,636.66,636.72,1.0
punct, ,0,0,0
text,serve,636.72,637.2,1.0
punct, ,0,0,0
text,too,637.2,637.47,1.0
punct, ,0,0,0
text,many,637.47,637.8,1.0
punct, ,0,0,0
text,stake,637.95,638.23,0.83
punct, ,0,0,0
text,holders,638.23,638.79,0.83
punct,.,0,0,0
punct, ,0,0,0
text,Like,638.97,639.25,0.71
punct, ,0,0,0
text,he's,639.72,639.9,1.0
punct, ,0,0,0
text,got,639.9,640.11,1.0
punct, ,0,0,0
text,all,640.11,640.23,1.0
punct, ,0,0,0
text,these,640.23,640.5,1.0
punct, ,0,0,0
text,like,640.5,640.71,0.52
punct, ,0,0,0
text,administrative,640.79,641.83,0.43
punct, ,0,0,0
text,stuff,641.91,642.3,0.39
punct, ,0,0,0
text,and,643.12,643.4,1.0
punct, ,0,0,0
text,teachers,643.42,644.02,1.0
punct, ,0,0,0
text,that,647.34,647.52,1.0
punct, ,0,0,0
text,may,647.52,647.7,0.98
punct, ,0,0,0
text,just,647.7,647.97,1.0
punct, ,0,0,0
text,broken,647.97,648.26,0.62
punct, ,0,0,0
text,out,648.3,648.48,1.0
punct, ,0,0,0
text,into,648.48,648.75,1.0
punct, ,0,0,0
text,like,648.75,649.01,0.95
punct, ,0,0,0
text,different,652.56,652.83,1.0
punct, ,0,0,0
text,stakeholders,652.83,653.49,0.99
punct,.,0,0,0
punct, ,0,0,0
text,So,654.28,654.43,0.97
punct, ,0,0,0
text,do,654.45,654.6,1.0
punct, ,0,0,0
text,they,654.6,654.75,1.0
punct, ,0,0,0
text,have,654.75,654.93,1.0
punct, ,0,0,0
text,different,654.93,655.29,1.0
punct, ,0,0,0
text,levels,655.29,655.71,1.0
punct,?,0,0,0
punct, ,0,0,0
text,Do,655.71,655.89,0.75
punct,",",0,0,0
punct, ,0,0,0
text,I,655.89,656.01,1.0
punct, ,0,0,0
text,mean,656.01,656.23,1.0
punct, ,0,0,0
text,nobody,656.45,656.66,0.52
punct, ,0,0,0
text,could,656.7,656.88,0.98
punct, ,0,0,0
text,see,656.88,657.18,1.0
punct,.,0,0,0
punct, ,0,0,0
text,Yeah,658.62,658.84,0.82
punct,.,0,0,0
punct, ,0,0,0
text,I,658.97,659.04,0.82
punct, ,0,0,0
text,guess,659.05,659.49,0.82
punct, ,0,0,0
text,if,660.81,661.02,1.0
punct, ,0,0,0
text,it,661.02,661.17,1.0
punct, ,0,0,0
text,gives,661.17,661.38,0.92
punct, ,0,0,0
text,the,661.38,661.47,1.0
punct, ,0,0,0
text,same,661.47,661.71,1.0
punct, ,0,0,0
text,dashboard,661.71,662.15,0.93
punct,",",0,0,0
punct, ,0,0,0
text,just,662.15,662.37,0.31
punct, ,0,0,0
text,mentor,662.39,662.72,0.34
punct, ,0,0,0
text,different,662.8,663.48,1.0
punct, ,0,0,0
text,people,664.06,664.54,1.0
punct, ,0,0,0
text,that,668.86,669.14,0.93
punct, ,0,0,0
text,other,669.42,669.66,1.0
punct, ,0,0,0
text,people,669.66,669.96,1.0
punct, ,0,0,0
text,do,669.96,670.11,1.0
punct, ,0,0,0
text,not,670.11,670.32,1.0
punct, ,0,0,0
text,see,670.32,670.47,1.0
punct, ,0,0,0
text,what,670.53,670.69,0.88
punct, ,0,0,0
text,you,673.17,673.44,1.0
punct, ,0,0,0
text,mean,673.44,673.62,1.0
punct,.,0,0,0
punct, ,0,0,0
text,Like,673.62,673.8,1.0
punct, ,0,0,0
text,heavy,673.8,674.22,0.94
punct,",",0,0,0
punct, ,0,0,0
text,maybe,674.58,674.88,1.0
punct, ,0,0,0
text,they,674.88,675.0,1.0
punct, ,0,0,0
text,don't,675.0,675.24,1.0
punct, ,0,0,0
text,need,675.24,675.42,1.0
punct, ,0,0,0
text,to,675.42,675.51,1.0
punct, ,0,0,0
text,go,675.51,675.72,1.0
punct, ,0,0,0
text,in,675.72,675.87,1.0
punct, ,0,0,0
text,there,675.88,676.19,0.72
punct,.,0,0,0
punct, ,0,0,0
text,Yeah,676.82,678.31,0.56
punct,.,0,0,0
punct, ,0,0,0
text,The,681.92,682.6,0.79
punct, ,0,0,0
text,administrator,682.95,683.76,0.94
punct, ,0,0,0
text,could,683.76,684.03,1.0
punct, ,0,0,0
text,be,684.03,684.39,1.0
punct, ,0,0,0
text,monitoring,684.39,685.11,1.0
punct, ,0,0,0
text,their,685.11,685.32,1.0
punct, ,0,0,0
text,teachers,685.32,685.98,0.78
punct, ,0,0,0
text,success,686.22,686.82,0.95
punct, ,0,0,0
text,and,686.83,686.98,0.98
punct, ,0,0,0
text,that,686.99,687.13,0.87
punct, ,0,0,0
text,could,687.15,687.3,0.71
punct, ,0,0,0
text,put,687.3,687.48,1.0
punct, ,0,0,0
text,pressure,687.48,687.87,1.0
punct, ,0,0,0
text,on,687.87,688.11,1.0
punct, ,0,0,0
text,like,688.11,688.47,0.99
punct, ,0,0,0
text,teachers,689.28,689.67,0.98
punct, ,0,0,0
text,entering,689.67,690.06,1.0
punct, ,0,0,0
text,data,690.06,690.78,1.0
punct,.,0,0,0
punct, ,0,0,0
text,I,691.64,691.76,1.0
punct, ,0,0,0
text,would,691.8,691.99,0.78
punct, ,0,0,0
text,include,691.99,692.35,1.0
punct, ,0,0,0
text,the,692.35,692.47,0.7
punct, ,0,0,0
text,very,692.67,693.15,1.0
punct, ,0,0,0
text,basic,693.87,694.35,1.0
punct, ,0,0,0
text,function,694.35,694.83,1.0
punct, ,0,0,0
text,of,694.83,694.98,1.0
punct, ,0,0,0
text,note-taking,695.02,695.76,0.74
punct, ,0,0,0
text,because,696.5,696.74,0.84
punct, ,0,0,0
text,when,696.87,697.02,1.0
punct, ,0,0,0
text,you,697.02,697.14,1.0
punct, ,0,0,0
text,see,697.14,697.47,1.0
punct, ,0,0,0
text,something,697.47,698.04,1.0
punct, ,0,0,0
text,in,698.04,698.16,0.82
punct, ,0,0,0
text,you,698.17,698.55,1.0
punct, ,0,0,0
text,once,698.73,699.16,0.56
punct, ,0,0,0
text,to,699.16,699.42,0.86
punct, ,0,0,0
text,like,699.42,699.72,1.0
punct, ,0,0,0
text,write,699.72,700.11,1.0
punct, ,0,0,0
text,a,700.14,700.22,0.98
punct, ,0,0,0
text,very,700.22,700.62,1.0
punct, ,0,0,0
text,quick,700.62,700.86,1.0
punct, ,0,0,0
text,summary,700.86,701.52,1.0
punct, ,0,0,0
text,of,701.52,701.76,1.0
punct,",",0,0,0
punct, ,0,0,0
text,Oh,701.85,702.03,0.96
punct,",",0,0,0
punct, ,0,0,0
text,what,702.03,702.39,1.0
punct, ,0,0,0
text,that,702.39,702.69,0.99
punct,",",0,0,0
punct, ,0,0,0
text,what,702.78,703.05,1.0
punct, ,0,0,0
text,does,703.05,703.17,1.0
punct, ,0,0,0
text,that,703.17,703.35,1.0
punct, ,0,0,0
text,mean,703.35,703.74,1.0
punct, ,0,0,0
text,to,703.74,703.92,1.0
punct, ,0,0,0
text,me,703.92,704.16,1.0
punct,?,0,0,0
punct, ,0,0,0
text,Because,704.16,704.67,1.0
punct, ,0,0,0
text,seeing,704.82,705.14,0.87
punct, ,0,0,0
text,data,705.15,705.45,1.0
punct, ,0,0,0
text,is,705.45,705.81,1.0
punct,",",0,0,0
punct, ,0,0,0
text,okay,705.87,706.17,1.0
punct,",",0,0,0
punct, ,0,0,0
text,I'm,706.26,706.43,0.44
punct, ,0,0,0
text,seeing,706.44,706.86,0.95
punct, ,0,0,0
text,data,706.89,707.19,1.0
punct, ,0,0,0
text,in,707.19,707.31,1.0
punct, ,0,0,0
text,front,707.31,707.52,1.0
punct, ,0,0,0
text,of,707.52,707.61,1.0
punct, ,0,0,0
text,you,707.61,707.76,1.0
punct,",",0,0,0
punct, ,0,0,0
text,but,707.76,708.03,1.0
punct, ,0,0,0
text,what,708.36,708.55,0.92
punct, ,0,0,0
text,if,708.6,708.69,1.0
punct, ,0,0,0
text,you,708.69,708.78,1.0
punct, ,0,0,0
text,want,708.78,708.96,0.64
punct, ,0,0,0
text,to,708.96,709.23,1.0
punct, ,0,0,0
text,like,709.29,709.65,1.0
punct,",",0,0,0
punct, ,0,0,0
text,Oh,709.83,710.1,1.0
punct,",",0,0,0
punct, ,0,0,0
text,I,710.1,710.37,1.0
punct, ,0,0,0
text,think,710.37,710.94,1.0
punct, ,0,0,0
text,Jonathan,711.0,711.75,0.77
punct, ,0,0,0
text,here,711.75,712.25,0.96
punct, ,0,0,0
text,is,712.49,712.79,0.7
punct, ,0,0,0
text,repeatedly,713.05,713.74,1.0
punct, ,0,0,0
text,having,713.74,714.22,0.99
punct, ,0,0,0
text,this,714.22,714.76,1.0
punct,.,0,0,0
punct, ,0,0,0
text,So,715.53,716.18,0.59
punct, ,0,0,0
text,maybe,716.19,716.56,1.0
punct, ,0,0,0
text,writing,716.56,717.02,0.61
punct, ,0,0,0
text,would,717.02,717.22,0.94
punct, ,0,0,0
text,help,717.28,717.61,1.0
punct, ,0,0,0
text,you,717.61,717.76,1.0
punct, ,0,0,0
text,to,717.76,717.97,1.0
punct, ,0,0,0
text,convey,718.0,718.42,1.0
punct, ,0,0,0
text,your,718.42,718.72,1.0
punct, ,0,0,0
text,interpretations,719.56,720.64,1.0
punct,.,0,0,0
punct, ,0,0,0
text,Yeah,721.18,721.54,1.0
punct,",",0,0,0
punct, ,0,0,0
text,I,721.54,721.69,1.0
punct, ,0,0,0
text,think,721.69,721.9,1.0
punct, ,0,0,0
text,that's,721.9,722.07,0.86
punct, ,0,0,0
text,like,722.08,722.29,0.98
punct, ,0,0,0
text,it,722.29,722.41,1.0
punct, ,0,0,0
text,was,722.41,722.59,1.0
punct, ,0,0,0
text,just,722.59,722.89,1.0
punct, ,0,0,0
text,for,722.89,723.04,1.0
punct, ,0,0,0
text,teachers,723.04,723.73,1.0
punct,.,0,0,0
punct, ,0,0,0
text,Like,723.73,723.97,1.0
punct, ,0,0,0
text,there'd,723.97,724.19,0.63
punct, ,0,0,0
text,be,724.19,724.3,0.63
punct, ,0,0,0
text,space,724.3,724.63,1.0
punct, ,0,0,0
text,for,724.63,724.75,1.0
punct, ,0,0,0
text,that,724.75,725.11,1.0
punct,.,0,0,0
punct, ,0,0,0
text,Yeah,725.44,725.68,0.97
punct,.,0,0,0
punct, ,0,0,0
text,That,728.85,729.07,0.99
punct, ,0,0,0
text,should,729.09,729.34,0.83
punct, ,0,0,0
unknown,<inaudible>,0,0,0
punct, ,0,0,0
text,hold,735.35,735.5,1.0
punct, ,0,0,0
text,on,735.5,735.95,1.0
punct,.,0,0,0
punct, ,0,0,0
text,What,737.15,737.3,1.0
punct, ,0,0,0
text,else,737.3,737.6,1.0
punct,?,0,0,0
punct, ,0,0,0
text,Design,738.97,739.42,0.57
punct, ,0,0,0
text,visual,741.62,741.95,1.0
punct, ,0,0,0
text,designs,741.95,742.33,0.97
punct, ,0,0,0
text,for,742.33,742.45,0.97
punct, ,0,0,0
text,your,742.45,742.54,0.97
punct, ,0,0,0
unknown,<inaudible>,0,0,0
punct,.,0,0,0
punct, ,0,0,0
text,Very,743.81,744.26,1.0
punct, ,0,0,0
text,bad,744.26,744.5,1.0
punct,.,0,0,0
punct, ,0,0,0
text,You,744.98,745.07,1.0
punct, ,0,0,0
text,can,745.07,745.55,1.0
punct, ,0,0,0
text,find,745.55,745.8,0.99
punct, ,0,0,0
text,it,747.13,748.24,0.54
punct,.,0,0,0
punct, ,0,0,0
text,You,753.51,753.63,0.96
punct, ,0,0,0
text,did,753.66,753.84,0.98
punct, ,0,0,0
text,this,754.72,754.89,0.93
punct, ,0,0,0
text,to,754.97,755.09,0.92
punct, ,0,0,0
text,it,755.09,755.24,0.99
punct, ,0,0,0
text,or,755.25,755.34,0.97
punct, ,0,0,0
text,this,755.34,755.55,0.81
punct, ,0,0,0
text,notebook,755.57,755.93,0.82
punct,.,0,0,0
punct, ,0,0,0
text,Yeah,756.57,756.84,0.86
punct,.,0,0,0
punct, ,0,0,0
text,Yeah,758.08,758.34,0.63
punct,.,0,0,0
punct, ,0,0,0
text,I,758.54,758.65,1.0
punct, ,0,0,0
text,think,758.65,758.96,0.99
punct, ,0,0,0
text,if,759.88,760.06,0.93
punct, ,0,0,0
text,we're,760.08,760.14,0.69
punct, ,0,0,0
text,thinking,760.16,760.39,0.69
punct, ,0,0,0
text,about,760.39,760.72,1.0
punct, ,0,0,0
text,if,760.73,760.85,1.0
punct, ,0,0,0
text,it's,760.85,761.06,1.0
punct, ,0,0,0
text,useful,761.06,761.81,1.0
punct, ,0,0,0
text,or,761.81,762.02,1.0
punct, ,0,0,0
text,harmful,762.02,762.83,1.0
punct,",",0,0,0
punct, ,0,0,0
text,if,764.15,764.3,1.0
punct, ,0,0,0
text,it's,764.3,764.51,1.0
punct, ,0,0,0
text,useful,764.51,765.71,1.0
punct,",",0,0,0
punct, ,0,0,0
text,then,766.34,766.55,1.0
punct, ,0,0,0
text,there,766.55,766.67,1.0
punct, ,0,0,0
text,has,766.67,766.88,1.0
punct, ,0,0,0
text,to,766.88,767.0,1.0
punct, ,0,0,0
text,be,767.0,767.09,1.0
punct, ,0,0,0
text,some,767.09,767.33,1.0
punct, ,0,0,0
text,action,767.33,767.84,1.0
punct,.,0,0,0
punct, ,0,0,0
text,Right,767.84,768.11,1.0
punct,.,0,0,0
punct, ,0,0,0
text,With,768.11,768.29,0.95
punct, ,0,0,0
text,the,768.29,768.42,0.94
punct, ,0,0,0
text,action,768.42,768.89,1.0
punct, ,0,0,0
text,actually,768.9,769.35,0.99
punct, ,0,0,0
text,is,769.35,769.81,0.99
punct, ,0,0,0
text,a,770.81,770.9,0.92
punct, ,0,0,0
text,teacher,770.96,771.38,1.0
punct, ,0,0,0
text,can,771.38,771.86,1.0
punct, ,0,0,0
text,help,771.86,772.19,1.0
punct, ,0,0,0
text,a,772.19,772.25,1.0
punct, ,0,0,0
text,student,772.25,772.91,1.0
punct, ,0,0,0
text,who,772.91,773.24,0.83
punct, ,0,0,0
text,they,774.47,774.62,1.0
punct, ,0,0,0
text,can,774.62,774.83,1.0
punct, ,0,0,0
text,find,774.83,775.22,1.0
punct, ,0,0,0
text,a,775.22,775.25,1.0
punct, ,0,0,0
text,student,775.25,775.97,1.0
punct, ,0,0,0
text,who,776.09,776.21,0.99
punct, ,0,0,0
text,needs,776.21,776.48,1.0
punct, ,0,0,0
text,help,776.48,776.84,1.0
punct, ,0,0,0
text,and,776.84,777.02,1.0
punct, ,0,0,0
text,help,777.02,777.29,1.0
punct, ,0,0,0
text,them,777.29,777.39,0.57
punct,.,0,0,0
punct, ,0,0,0
text,And,778.4,778.76,1.0
punct, ,0,0,0
text,the,778.76,778.81,0.79
punct, ,0,0,0
text,other,778.81,778.94,0.82
punct, ,0,0,0
text,question,778.94,779.24,0.99
punct, ,0,0,0
text,is,779.24,779.33,0.99
punct,",",0,0,0
punct, ,0,0,0
text,okay,779.33,779.54,1.0
punct,",",0,0,0
punct, ,0,0,0
text,do,779.54,779.66,1.0
punct, ,0,0,0
text,we,779.66,779.75,1.0
punct, ,0,0,0
text,think,779.75,779.96,1.0
punct, ,0,0,0
text,they,779.96,780.08,1.0
punct, ,0,0,0
text,can,780.08,780.29,1.0
punct, ,0,0,0
text,find,780.29,780.65,1.0
punct, ,0,0,0
text,them,780.65,781.01,1.0
punct,?,0,0,0
punct, ,0,0,0
text,Probably,781.1,781.55,1.0
punct, ,0,0,0
text,if,781.55,781.7,1.0
punct, ,0,0,0
text,like,781.7,781.88,1.0
punct, ,0,0,0
text,everything's,781.88,782.25,0.73
punct, ,0,0,0
text,red,782.26,782.69,0.74
punct, ,0,0,0
text,number,782.82,783.13,0.44
punct, ,0,0,0
text,by,783.44,783.62,1.0
punct, ,0,0,0
text,the,783.62,783.74,1.0
punct, ,0,0,0
text,time,783.74,783.98,1.0
punct, ,0,0,0
text,to,783.98,784.07,1.0
punct, ,0,0,0
text,find,784.07,784.34,1.0
punct, ,0,0,0
text,them,784.34,784.49,1.0
punct, ,0,0,0
text,or,784.49,784.54,0.76
punct, ,0,0,0
text,it's,784.54,784.67,0.98
punct, ,0,0,0
text,already,784.67,785.09,1.0
punct, ,0,0,0
text,in,785.09,785.18,1.0
punct, ,0,0,0
text,red,785.18,785.45,0.96
punct,.,0,0,0
punct, ,0,0,0
text,Yeah,785.71,786.09,0.67
punct,.,0,0,0
punct, ,0,0,0
text,And,787.88,788.03,1.0
punct, ,0,0,0
text,then,788.03,788.21,1.0
punct, ,0,0,0
text,is,788.21,788.33,1.0
punct, ,0,0,0
text,it,788.33,788.48,1.0
punct, ,0,0,0
text,harmful,788.48,789.5,1.0
punct,?,0,0,0
punct, ,0,0,0
text,What,790.37,790.52,1.0
punct, ,0,0,0
text,could,790.52,790.64,1.0
punct, ,0,0,0
text,be,790.64,790.73,1.0
punct, ,0,0,0
text,harmful,790.73,791.09,1.0
punct, ,0,0,0
text,that,791.09,791.21,1.0
punct, ,0,0,0
text,you,791.21,791.34,0.81
punct, ,0,0,0
text,get,791.34,791.51,1.0
punct, ,0,0,0
text,like,791.51,791.66,0.97
punct, ,0,0,0
text,false,791.66,792.02,1.0
punct, ,0,0,0
text,positives,792.02,792.58,0.7
punct,?,0,0,0
punct, ,0,0,0
text,You're,792.58,792.68,0.93
punct, ,0,0,0
text,trying,792.68,792.89,1.0
punct, ,0,0,0
text,to,792.89,792.95,1.0
punct, ,0,0,0
text,help,792.95,793.13,1.0
punct, ,0,0,0
text,someone,793.13,793.37,1.0
punct, ,0,0,0
text,doesn't,793.4,793.61,1.0
punct, ,0,0,0
text,need,793.61,793.79,1.0
punct, ,0,0,0
text,help,793.79,794.27,1.0
punct,.,0,0,0
punct, ,0,0,0
text,Okay,796.73,796.94,0.97
punct,.,0,0,0
punct, ,0,0,0
text,Have,796.95,797.02,0.68
punct, ,0,0,0
text,you,797.02,797.12,0.67
punct, ,0,0,0
text,gone,797.12,797.28,0.67
punct, ,0,0,0
text,fall,797.35,797.56,0.76
punct, ,0,0,0
text,about,797.57,797.8,0.64
punct, ,0,0,0
text,it,797.83,798.05,0.71
punct,?,0,0,0
punct, ,0,0,0
text,His,800.09,800.21,0.36
punct, ,0,0,0
text,bias,800.21,800.69,1.0
punct, ,0,0,0
text,thing,800.69,801.23,1.0
punct, ,0,0,0
text,but,802.31,802.67,1.0
punct, ,0,0,0
text,by,803.39,803.84,0.94
punct, ,0,0,0
text,senior,803.84,804.25,0.97
punct, ,0,0,0
text,or,804.25,804.81,0.66
punct, ,0,0,0
text,I,805.37,805.45,0.85
punct, ,0,0,0
text,think,805.45,805.65,0.85
punct, ,0,0,0
text,the,805.78,805.88,0.97
punct, ,0,0,0
text,times,805.91,806.39,0.52
punct, ,0,0,0
text,you,807.44,807.8,1.0
punct, ,0,0,0
text,don't,807.8,808.16,1.0
punct, ,0,0,0
text,foresee,808.16,808.67,1.0
punct, ,0,0,0
text,things,808.67,809.12,1.0
punct, ,0,0,0
text,you,809.12,809.21,0.98
punct, ,0,0,0
text,don't,809.21,809.33,0.96
punct,",",0,0,0
punct, ,0,0,0
text,you,809.51,809.65,0.97
punct, ,0,0,0
text,don't,809.66,809.87,0.97
punct, ,0,0,0
text,see,809.87,809.99,1.0
punct, ,0,0,0
text,things,809.99,810.21,0.89
punct, ,0,0,0
text,from,810.21,810.32,0.38
punct, ,0,0,0
text,time,810.32,810.62,0.92
punct,",",0,0,0
punct, ,0,0,0
text,you're,810.62,810.77,1.0
punct, ,0,0,0
text,not,810.77,811.04,1.0
punct, ,0,0,0
text,seeing,811.04,811.28,1.0
punct, ,0,0,0
text,things,811.28,811.55,1.0
punct, ,0,0,0
text,in,811.55,811.7,0.88
punct, ,0,0,0
text,time,811.7,812.0,1.0
punct,.,0,0,0
punct, ,0,0,0
text,And,812.48,812.62,0.74
punct, ,0,0,0
text,if,812.74,812.84,1.0
punct, ,0,0,0
text,you're,812.84,812.96,0.99
punct, ,0,0,0
text,relying,812.96,813.35,1.0
punct, ,0,0,0
text,only,813.35,813.59,1.0
punct, ,0,0,0
text,on,813.59,813.71,1.0
punct, ,0,0,0
text,the,813.71,813.77,1.0
punct, ,0,0,0
text,dashboard,813.77,814.22,1.0
punct,",",0,0,0
punct, ,0,0,0
text,then,814.22,814.34,0.91
punct, ,0,0,0
text,you're,814.34,814.46,1.0
punct, ,0,0,0
text,not,814.46,814.61,1.0
punct, ,0,0,0
text,doing,814.61,814.82,1.0
punct, ,0,0,0
text,anything,814.82,815.18,1.0
punct, ,0,0,0
text,else,815.18,815.36,1.0
punct,.,0,0,0
punct, ,0,0,0
text,You,816.92,817.16,1.0
punct, ,0,0,0
text,can,817.16,817.31,1.0
punct, ,0,0,0
text,just,817.31,817.58,1.0
punct, ,0,0,0
text,see,817.58,817.85,1.0
punct, ,0,0,0
text,things,817.85,818.15,1.0
punct, ,0,0,0
text,that,818.15,818.27,1.0
punct, ,0,0,0
text,happens,818.27,818.87,1.0
punct,.,0,0,0
punct, ,0,0,0
text,You,819.2,819.3,0.44
punct, ,0,0,0
text,have,819.56,819.79,0.44
punct, ,0,0,0
text,to,819.82,819.99,0.84
punct,",",0,0,0
punct, ,0,0,0
text,you,820.24,820.31,0.53
punct, ,0,0,0
text,have,820.31,820.58,1.0
punct, ,0,0,0
text,to,820.58,820.79,1.0
punct, ,0,0,0
text,check,820.79,821.04,0.92
punct, ,0,0,0
text,and,821.04,821.21,0.42
punct, ,0,0,0
text,reading,821.21,821.66,0.99
punct, ,0,0,0
text,for,821.83,822.0,0.96
punct, ,0,0,0
text,the,822.02,822.17,1.0
punct, ,0,0,0
text,day,822.17,822.47,0.92
punct,.,0,0,0
punct, ,0,0,0
text,The,822.47,822.59,0.92
punct, ,0,0,0
text,state,822.63,822.95,0.72
punct,",",0,0,0
punct, ,0,0,0
text,no,825.65,825.79,0.94
punct, ,0,0,0
text,previous,825.98,826.46,1.0
punct, ,0,0,0
text,you,826.46,826.76,1.0
punct, ,0,0,0
text,how,827.48,827.69,1.0
punct, ,0,0,0
text,we,827.69,827.87,0.99
punct, ,0,0,0
text,want,827.87,828.08,0.89
punct, ,0,0,0
text,the,828.08,828.21,0.9
punct, ,0,0,0
text,next,828.21,828.33,0.28
punct, ,0,0,0
text,two,828.33,828.44,0.53
punct, ,0,0,0
text,days,828.44,828.77,0.53
punct, ,0,0,0
text,before,829.74,830.38,0.56
punct,.,0,0,0
punct, ,0,0,0
text,So,831.05,831.23,1.0
punct, ,0,0,0
text,if,831.26,831.44,1.0
punct, ,0,0,0
text,I,831.44,831.53,0.99
punct, ,0,0,0
text,know,831.53,831.78,0.99
punct, ,0,0,0
text,it's,831.78,831.89,0.7
punct, ,0,0,0
text,a,832.37,832.4,0.99
punct, ,0,0,0
text,snapshot,832.4,833.06,1.0
punct,",",0,0,0
punct, ,0,0,0
text,I,833.63,833.86,0.94
punct, ,0,0,0
text,know,834.4,834.58,0.49
punct, ,0,0,0
text,if,835.1,835.22,1.0
punct, ,0,0,0
text,I,835.22,835.28,1.0
punct, ,0,0,0
text,log,835.28,835.52,1.0
punct, ,0,0,0
text,in,835.52,835.64,1.0
punct, ,0,0,0
text,today,835.64,835.91,1.0
punct, ,0,0,0
text,and,835.91,836.11,1.0
punct, ,0,0,0
text,I,836.11,836.2,0.54
punct, ,0,0,0
text,see,836.2,836.45,1.0
punct, ,0,0,0
text,the,836.45,836.5,0.82
punct, ,0,0,0
text,student,836.5,836.93,0.96
punct, ,0,0,0
text,in,836.93,837.08,1.0
punct, ,0,0,0
text,red,837.08,837.35,0.98
punct,",",0,0,0
punct, ,0,0,0
text,but,837.35,837.53,0.89
punct, ,0,0,0
text,I,837.54,837.64,0.76
punct, ,0,0,0
text,remember,837.64,838.07,0.98
punct, ,0,0,0
text,it,838.07,838.22,0.96
punct, ,0,0,0
text,tomorrow,838.22,838.64,1.0
punct,",",0,0,0
punct, ,0,0,0
text,that,838.64,838.92,0.91
punct, ,0,0,0
text,yesterday,839.48,839.96,1.0
punct, ,0,0,0
text,I,839.96,840.02,1.0
punct, ,0,0,0
text,saw,840.02,840.26,1.0
punct, ,0,0,0
text,this,840.26,840.5,1.0
punct, ,0,0,0
text,one,840.5,840.68,1.0
punct, ,0,0,0
text,and,841.79,842.03,1.0
punct, ,0,0,0
text,today,842.03,842.63,1.0
punct, ,0,0,0
text,he's,843.02,843.32,1.0
punct, ,0,0,0
text,agreed,843.32,843.77,0.99
punct, ,0,0,0
text,or,843.86,844.04,0.99
punct, ,0,0,0
text,he,844.04,844.15,0.9
punct, ,0,0,0
text,is,844.16,844.36,0.92
punct,.,0,0,0
punct, ,0,0,0
text,It,844.36,844.48,0.96
punct, ,0,0,0
text,stayed,844.49,844.79,0.99
punct, ,0,0,0
text,in,844.79,844.94,1.0
punct, ,0,0,0
text,there,844.94,845.43,1.0
punct, ,0,0,0
text,every,846.5,846.76,0.92
punct, ,0,0,0
text,day,846.76,847.01,0.92
punct, ,0,0,0
text,where,847.01,847.16,0.45
punct, ,0,0,0
text,that,847.16,847.4,0.92
punct,",",0,0,0
punct, ,0,0,0
text,I,847.61,847.64,0.99
punct, ,0,0,0
text,don't,847.64,847.73,0.98
punct, ,0,0,0
text,know,847.73,847.94,0.99
punct,.,0,0,0
punct, ,0,0,0
text,Even,849.54,850.08,0.77
punct, ,0,0,0
text,when,850.48,850.63,0.43
punct, ,0,0,0
text,they,850.65,850.79,0.61
punct, ,0,0,0
text,reassessment,850.83,851.51,0.9
punct, ,0,0,0
text,whatever,851.95,852.29,0.92
punct, ,0,0,0
text,is,852.29,852.46,0.92
punct, ,0,0,0
text,the,852.46,852.54,0.57
punct, ,0,0,0
unknown,<inaudible>,0,0,0
punct, ,0,0,0
text,probably,853.25,853.58,0.99
punct, ,0,0,0
text,only,853.58,853.76,0.78
punct, ,0,0,0
text,look,853.77,854.0,1.0
punct, ,0,0,0
text,at,854.0,854.18,1.0
punct, ,0,0,0
text,it,854.18,854.27,1.0
punct, ,0,0,0
text,like,854.27,854.51,1.0
punct, ,0,0,0
text,twice,856.07,856.42,0.9
punct,.,0,0,0
punct, ,0,0,0
unknown,<inaudible>,0,0,0
punct, ,0,0,0
text,your,859.58,859.73,0.99
punct, ,0,0,0
text,midterm,859.74,860.21,0.95
punct,",",0,0,0
punct, ,0,0,0
text,what,861.23,861.35,1.0
punct, ,0,0,0
text,else,861.35,861.71,1.0
punct,?,0,0,0
punct, ,0,0,0
text,I,862.37,862.46,1.0
punct, ,0,0,0
text,dunno,862.5,862.79,0.71
punct,.,0,0,0
punct, ,0,0,0
text,It,862.91,862.97,1.0
punct, ,0,0,0
text,depends,862.97,863.27,1.0
punct, ,0,0,0
text,on,863.27,863.37,0.37
punct, ,0,0,0
text,assessments,863.39,863.81,0.62
punct, ,0,0,0
text,in,864.24,864.44,0.76
punct, ,0,0,0
text,there,864.44,864.63,0.76
punct,",",0,0,0
punct, ,0,0,0
text,but,865.61,866.0,1.0
punct, ,0,0,0
text,especially,866.18,866.65,1.0
punct, ,0,0,0
text,the,866.67,866.78,1.0
punct, ,0,0,0
text,teacher,866.78,867.02,0.99
punct, ,0,0,0
text,has,867.02,867.11,0.98
punct, ,0,0,0
text,to,867.11,867.23,1.0
punct, ,0,0,0
text,put,867.23,867.44,1.0
punct, ,0,0,0
text,in,867.44,867.59,1.0
punct, ,0,0,0
text,the,867.59,867.68,1.0
punct, ,0,0,0
text,assessment,867.68,868.13,1.0
punct, ,0,0,0
text,data,868.13,868.46,1.0
punct, ,0,0,0
text,and,868.46,868.55,0.93
punct, ,0,0,0
text,they're,868.55,868.67,1.0
punct, ,0,0,0
text,not,868.67,868.79,1.0
punct, ,0,0,0
text,going,868.79,868.9,0.9
punct, ,0,0,0
text,to,868.9,868.97,0.9
punct, ,0,0,0
text,do,868.97,869.18,1.0
punct, ,0,0,0
text,that,869.18,869.37,0.56
punct, ,0,0,0
text,very,869.39,869.63,1.0
punct, ,0,0,0
text,much,869.63,870.08,1.0
punct,.,0,0,0
punct, ,0,0,0
text,Right,871.16,871.58,1.0
punct,.,0,0,0
punct, ,0,0,0
text,Like,871.67,871.9,0.95
punct, ,0,0,0
text,that's,871.91,872.09,1.0
punct, ,0,0,0
text,a,872.09,872.15,1.0
punct, ,0,0,0
text,lot,872.15,872.36,1.0
punct, ,0,0,0
text,of,872.36,872.42,1.0
punct, ,0,0,0
text,work,872.42,872.84,1.0
punct,.,0,0,0
punct, ,0,0,0
text,Yeah,873.04,873.26,0.71
punct,.,0,0,0
punct, ,0,0,0
text,That,874.06,874.28,0.53
punct, ,0,0,0
text,ideally,874.91,875.36,1.0
punct, ,0,0,0
text,it's,875.36,875.52,1.0
punct, ,0,0,0
text,linked,875.52,875.8,0.39
punct, ,0,0,0
text,to,875.85,875.99,0.86
punct, ,0,0,0
text,wherever,875.99,876.29,1.0
punct, ,0,0,0
text,they,876.29,876.55,1.0
punct, ,0,0,0
text,can,876.55,876.71,0.68
punct, ,0,0,0
text,put,876.72,876.92,1.0
punct, ,0,0,0
text,it,876.92,877.04,1.0
punct, ,0,0,0
text,in,877.04,877.19,1.0
punct, ,0,0,0
text,anyway,877.19,877.47,0.56
punct,.,0,0,0
punct, ,0,0,0
text,Right,877.84,878.02,0.99
punct,.,0,0,0
punct, ,0,0,0
text,That's,878.03,878.21,1.0
punct, ,0,0,0
text,the,878.21,878.3,1.0
punct, ,0,0,0
text,point,878.31,878.66,0.88
punct,.,0,0,0
punct, ,0,0,0
text,We'll,879.04,879.13,0.94
punct, ,0,0,0
text,see,879.14,879.56,1.0
punct, ,0,0,0
text,you,880.27,880.58,0.95
punct,.,0,0,0
punct, ,0,0,0
text,You,880.62,880.85,1.0
punct, ,0,0,0
text,made,880.85,881.03,0.96
punct, ,0,0,0
text,me,881.03,881.15,1.0
punct, ,0,0,0
text,think,881.15,881.33,1.0
punct, ,0,0,0
text,that,881.35,881.53,0.92
punct, ,0,0,0
text,chaotic,882.95,883.64,1.0
punct, ,0,0,0
text,and,884.69,885.05,1.0
punct, ,0,0,0
text,you,885.05,885.1,0.89
punct, ,0,0,0
text,don't,885.56,886.01,0.89
punct, ,0,0,0
text,also,886.1,886.49,1.0
punct, ,0,0,0
text,have,886.51,886.58,0.53
punct, ,0,0,0
text,deals,886.59,887.18,0.99
punct, ,0,0,0
unknown,<inaudible>,0,0,0
punct, ,0,0,0
text,rituals,888.29,889.22,1.0
punct, ,0,0,0
text,around,889.34,889.96,1.0
punct, ,0,0,0
text,the,890.33,890.45,1.0
punct, ,0,0,0
text,dashboard,890.45,891.02,0.99
punct, ,0,0,0
text,that,891.2,891.47,1.0
punct, ,0,0,0
text,the,891.47,891.56,1.0
punct, ,0,0,0
text,dashboard,891.56,892.1,1.0
punct, ,0,0,0
text,is,892.1,892.43,1.0
punct, ,0,0,0
text,red,893.42,893.99,0.75
punct, ,0,0,0
text,is,894.38,894.62,0.93
punct, ,0,0,0
text,used,894.62,895.25,1.0
punct,.,0,0,0
punct, ,0,0,0
text,You,895.55,895.67,1.0
punct, ,0,0,0
text,just,895.67,896.09,1.0
punct, ,0,0,0
text,rely,896.09,896.51,1.0
punct, ,0,0,0
text,on,896.51,896.66,1.0
punct, ,0,0,0
text,teaching,896.66,897.14,1.0
punct, ,0,0,0
text,teachers,897.23,897.77,1.0
punct, ,0,0,0
text,having,897.77,898.13,1.0
punct, ,0,0,0
text,time,898.13,898.61,1.0
punct, ,0,0,0
text,and,898.61,898.7,0.87
punct, ,0,0,0
text,spontaneously,898.7,899.51,1.0
punct, ,0,0,0
text,logging,899.51,899.93,0.98
punct, ,0,0,0
text,in,899.93,900.12,0.61
punct, ,0,0,0
text,to,900.12,900.27,0.57
punct, ,0,0,0
text,see,900.27,900.47,0.46
punct, ,0,0,0
text,the,900.47,900.56,0.98
punct, ,0,0,0
text,data,900.56,901.04,1.0
punct,.,0,0,0
punct, ,0,0,0
text,I'm,901.61,901.79,1.0
punct, ,0,0,0
text,not,901.79,901.97,1.0
punct, ,0,0,0
text,sure,901.97,902.24,1.0
punct, ,0,0,0
text,if,902.24,902.42,1.0
punct, ,0,0,0
text,this,902.42,902.54,1.0
punct, ,0,0,0
text,is,902.54,902.66,1.0
punct, ,0,0,0
text,going,902.66,902.77,0.95
punct, ,0,0,0
text,to,902.77,902.84,0.95
punct, ,0,0,0
text,be,902.84,902.93,1.0
punct, ,0,0,0
text,actionable,902.93,903.53,1.0
punct, ,0,0,0
text,or,903.53,903.95,1.0
punct, ,0,0,0
text,maybe,904.4,904.85,1.0
punct, ,0,0,0
text,there,904.85,905.03,1.0
punct, ,0,0,0
text,should,905.03,905.3,1.0
punct, ,0,0,0
text,be,905.3,905.42,1.0
punct, ,0,0,0
text,something,905.42,905.78,1.0
punct, ,0,0,0
text,that,905.78,905.93,0.79
punct, ,0,0,0
text,is,905.93,906.11,0.79
punct, ,0,0,0
text,beyond,906.11,906.5,1.0
punct, ,0,0,0
text,the,906.5,906.56,1.0
punct, ,0,0,0
text,dashboard,906.56,907.1,1.0
punct,.,0,0,0
punct, ,0,0,0
text,The,907.74,907.97,0.97
punct, ,0,0,0
text,data,908.15,908.63,1.0
punct, ,0,0,0
text,meeting,908.63,909.09,0.86
punct, ,0,0,0
text,side,909.09,909.41,1.0
punct, ,0,0,0
text,of,909.41,909.53,1.0
punct, ,0,0,0
text,this week,909.53,910.15,0.54
punct, ,0,0,0
text,have,910.19,910.43,1.0
punct, ,0,0,0
text,to,910.43,910.55,1.0
punct, ,0,0,0
text,log,910.55,910.88,1.0
punct, ,0,0,0
text,in,910.88,911.0,1.0
punct, ,0,0,0
text,and,911.0,911.12,1.0
punct, ,0,0,0
text,see,911.12,911.33,1.0
punct, ,0,0,0
text,what's,911.33,911.53,0.64
punct, ,0,0,0
text,going,911.56,911.71,0.22
punct, ,0,0,0
text,on,911.72,911.9,0.36
punct,.,0,0,0
punct, ,0,0,0
text,So,911.99,912.21,0.8
punct, ,0,0,0
text,that's,912.26,912.56,1.0
punct, ,0,0,0
text,the,912.56,912.77,1.0
punct, ,0,0,0
text,human,913.73,914.42,0.96
punct, ,0,0,0
text,soft,914.42,915.02,1.0
punct, ,0,0,0
text,part,915.02,915.42,0.79
punct, ,0,0,0
text,that,915.47,915.62,1.0
punct, ,0,0,0
text,is,915.62,916.07,1.0
punct, ,0,0,0
text,not,916.46,916.91,1.0
punct,",",0,0,0
punct, ,0,0,0
text,it's,917.27,917.48,1.0
punct, ,0,0,0
text,not,917.48,917.75,1.0
punct, ,0,0,0
text,UI,917.75,918.23,0.97
punct,",",0,0,0
punct, ,0,0,0
text,but,918.23,918.44,1.0
punct, ,0,0,0
text,it's,918.44,918.59,0.97
punct, ,0,0,0
text,UX,918.59,919.37,1.0
punct, ,0,0,0
text,because,920.18,920.45,0.99
punct, ,0,0,0
text,it,920.45,920.59,0.82
punct, ,0,0,0
text,should,920.61,921.02,1.0
punct, ,0,0,0
text,map,921.02,921.32,1.0
punct, ,0,0,0
text,into,921.32,921.59,1.0
punct, ,0,0,0
text,an,921.59,921.71,1.0
punct, ,0,0,0
text,experience,921.71,922.37,1.0
punct,.,0,0,0
punct, ,0,0,0
text,It's,924.89,925.1,1.0
punct, ,0,0,0
text,hard,925.1,925.31,1.0
punct, ,0,0,0
text,to,925.31,925.4,1.0
punct, ,0,0,0
text,see,925.4,925.58,1.0
punct, ,0,0,0
text,from,925.58,925.76,1.0
punct, ,0,0,0
text,the,925.76,925.88,0.98
punct, ,0,0,0
text,video,925.88,926.18,1.0
punct,",",0,0,0
punct, ,0,0,0
text,but,926.18,926.44,0.97
punct, ,0,0,0
text,if,926.57,926.74,1.0
punct, ,0,0,0
text,it's,926.75,926.9,0.99
punct, ,0,0,0
text,just,926.9,927.14,1.0
punct, ,0,0,0
text,a,927.14,927.2,0.94
punct, ,0,0,0
text,dashboard,927.2,927.62,1.0
punct,",",0,0,0
punct, ,0,0,0
text,I,927.62,927.74,1.0
punct, ,0,0,0
text,don't,927.92,928.19,1.0
punct, ,0,0,0
text,believe,928.19,928.52,1.0
punct, ,0,0,0
text,we,929.99,930.14,1.0
punct, ,0,0,0
text,have,930.14,930.32,1.0
punct, ,0,0,0
text,some,930.32,930.68,1.0
punct, ,0,0,0
text,teachers,930.68,931.07,1.0
punct, ,0,0,0
text,on,931.4,931.52,0.68
punct, ,0,0,0
text,it,931.54,931.63,0.66
punct,.,0,0,0
punct, ,0,0,0
text,I,932.52,932.55,0.9
punct, ,0,0,0
text,don't,932.68,932.8,0.99
punct, ,0,0,0
text,think,932.8,932.95,0.99
punct, ,0,0,0
text,they'll,932.95,933.13,0.98
punct, ,0,0,0
text,use,933.13,933.37,1.0
punct, ,0,0,0
text,it,933.37,933.58,1.0
punct,.,0,0,0
punct, ,0,0,0
text,Do,937.85,938.03,1.0
punct, ,0,0,0
text,you,938.03,938.27,1.0
punct, ,0,0,0
text,hear,938.27,938.69,1.0
punct, ,0,0,0
text,us,938.75,939.2,1.0
punct,?,0,0,0
punct, ,0,0,0
text,N S,939.26,939.89,0.98
punct, ,0,0,0
text,a,939.92,940.23,0.57
punct, ,0,0,0
text,lot's,941.33,941.93,0.68
punct, ,0,0,0
text,going,941.93,942.29,1.0
punct, ,0,0,0
text,on,942.29,942.73,0.97
punct, ,0,0,0
text,need,945.51,945.73,0.79
punct, ,0,0,0
text,to,946.31,946.52,1.0
punct, ,0,0,0
text,your,946.52,946.79,0.99
punct, ,0,0,0
text,leader,946.79,947.41,0.97
punct,.,0,0,0
punct, ,0,0,0
text,What,949.06,949.2,0.53
punct, ,0,0,0
text,does,951.26,951.53,1.0
punct, ,0,0,0
text,this,951.53,951.71,1.0
punct, ,0,0,0
text,for,951.71,951.89,1.0
punct, ,0,0,0
text,measuring,951.89,952.49,1.0
punct, ,0,0,0
text,our,952.49,952.94,1.0
punct, ,0,0,0
text,collaboration,953.57,954.2,1.0
punct,.,0,0,0
punct, ,0,0,0
text,So,954.35,954.92,1.0
punct, ,0,0,0
text,for,954.92,955.1,1.0
punct, ,0,0,0
text,example,955.1,955.79,1.0
punct,",",0,0,0
punct, ,0,0,0
text,you,956.23,956.31,0.39
punct, ,0,0,0
text,would,956.75,956.9,0.55
punct,",",0,0,0
punct, ,0,0,0
text,you,957.45,957.54,0.79
punct, ,0,0,0
text,look,957.54,957.77,0.78
punct, ,0,0,0
text,at,957.77,957.9,0.54
punct, ,0,0,0
text,each,958.37,958.49,1.0
punct, ,0,0,0
text,other,958.49,959.36,1.0
punct, ,0,0,0
text,intubation,960.25,961.0,0.83
punct, ,0,0,0
text,score,961.03,961.35,0.86
punct,.,0,0,0
punct, ,0,0,0
text,So,962.37,962.58,0.53
punct, ,0,0,0
text,we,962.68,962.85,0.56
punct, ,0,0,0
text,would,963.06,963.39,0.56
punct, ,0,0,0
text,analyze,964.19,964.54,0.96
punct, ,0,0,0
text,the,964.55,964.61,0.97
punct, ,0,0,0
text,data,964.63,964.94,0.98
punct,.,0,0,0
punct, ,0,0,0
text,One,964.94,965.39,1.0
punct, ,0,0,0
text,of,965.39,965.48,1.0
punct, ,0,0,0
text,the,965.48,965.57,1.0
punct, ,0,0,0
text,last,965.57,965.93,1.0
punct, ,0,0,0
text,sessions,966.32,966.77,1.0
punct, ,0,0,0
text,that,966.77,966.89,1.0
punct, ,0,0,0
text,we,966.89,967.1,1.0
punct, ,0,0,0
text,will,968.33,968.49,0.72
punct, ,0,0,0
text,use,968.57,968.77,1.0
punct, ,0,0,0
text,this,968.78,968.87,0.97
punct, ,0,0,0
text,date,968.87,969.14,0.6
punct,.,0,0,0
punct, ,0,0,0
text,Very,971.06,971.39,1.0
punct, ,0,0,0
text,cool,971.39,971.57,1.0
punct,.,0,0,0
punct, ,0,0,0
text,How,975.39,975.53,0.94
punct, ,0,0,0
text,their,975.54,975.77,0.62
punct, ,0,0,0
text,eight,975.77,976.04,0.69
punct, ,0,0,0
unknown,<inaudible>,0,0,0
punct,.,0,0,0
